"match_id","key","book_file","book_line","matched_page","match_terms","cited_sentence","method","is_reading","generated_on"
"CTX-ABEDI-STANDARDIZED-2002-01-THE-ESTIMATION-PROBLEM","abedi_standardized_2002","book/chapters/01-the-estimation-problem.qmd",116,"25","numbers, rather, subgroup, high, groups, large, some, standardized","**Large-scale assessment, disaggregated.** Overall reliabilities in large surveys are high, but subgroup reliabilities are not. Rutkowski and Rutkowski [-@rutkowski_measuring_2013] report values as low as .41 for PISA socioeconomic subscales in some groups, and Abedi [-@abedi_standardized_2002, Table 9] reports Grade 9 Stanford 9 subscale reliabilities of .80 to .92 for English-only students against .53 to .83 for English language learners — a gap that widens with the language load of the subject, from reading comprehension (.92 against .83) to social science (.81 against .53). The curriculum-based measurement context comes from Conoyer et al. [-@conoyer_meta-analysis_2022] and Nelson et al. [-@nelson_review_2023], and the disaggregated-reliability evidence from Rutkowski and Rutkowski [-@rutkowski_measuring_2013] and Abedi [-@abedi_standardized_2002]. The corpus figures are the Item Response Warehouse reliability study's [-@lee_reliability-distribution_2026], read from its manuscript; @sec-ch28 gives that study's design and the assertions under which its per-unit frame is used here. The numbers quoted in @sec-ch01-reliability were visually reconstructed from the assessment-level rows of Conoyer's Table 1, and the quantiles use R's type-7 convention. A non-load-bearing claim attributed in the manuscript to an unresolved Ramsay (2016) reference has been omitted rather than carried with an unverifiable citation.","automated full-text keyword overlap between the citing sentence and the PDF text layer","NO","2026-08-06"
"CTX-ADAMS-RELIABILITY-2005-08-RELIABILITY","adams_reliability_2005","book/chapters/08-reliability.qmd",39,"3","tautologically, characteristic, regardless, inaccurate, separation, instrument, very, estimating","The definition is Spearman's: he observed in 1904 that measurement error attenuates observed relationships, and introduced the term *reliability coefficient* in 1910, as Adams [-@adams_reliability_2005] recounts. @eq-rho-ctt reappears in enough different guises that its ubiquity is easy to mistake for depth. Adams lists five: the correlation between true and observed scores is $\sqrt{\rho_{XX'}}$; the correlation between two parallel observed scores is $\rho_{XX'}$; a correlation with an external variable is attenuated by $\sqrt{\rho_{XX'}}$; the variance of the observed mean as an estimator of the true mean is inflated by $1/\rho_{XX'}$; and $\operatorname{Var}(T) = \operatorname{Var}(X)\rho_{XX'}$ tautologically. **Subtraction.** ML and WLE estimates carry measurement error on top of true variation, so their variance is inflated. Under the assumptions of @eq-ctt applied to $\hat\theta_p = \theta_p + \varepsilon_p$, Adams [-@adams_reliability_2005, eq. 5] gives This is the person-separation reliability of Wright and Stone (1979) as Adams [-@adams_reliability_2005, eq. 6] presents it, and it is exactly what `TAM::WLErel` computes. @eq-rho-ctt has a numerator that belongs to the persons and a denominator that belongs to the persons and the instrument together. Adams [-@adams_reliability_2005] puts the consequence plainly: reliability is a characteristic of both the instrument and the sample it is applied to, so a very homogeneous sample yields low reliability regardless of instrument quality, and a very heterogeneous one can make an inaccurate instrument look reliable. @eq-ctt and @eq-rho-ctt, the five equivalences, the over- and under-dispersion identities @eq-overdisp and @eq-underdisp, the two reliability forms @eq-rel-subtract and @eq-rel-add, and the measurement-design-effect framing are Adams [-@adams_reliability_2005], who attributes the person-separation form to Wright and Stone (1979) and the posterior-variance identity to Verhelst (2001) and to Mislevy et al. [-@mislevy_estimating_1992]; neither Wright and Stone (1979) nor Verhelst (2001) is held, and both are cited as secondary through Adams under R5.","automated full-text keyword overlap between the citing sentence and the PDF text layer","NO","2026-08-06"
"CTX-ALBERT-BAYESIAN-1992-10-BAYESIAN-HIERARCHICAL-RASCH","albert_bayesian_1992","book/chapters/10-bayesian-hierarchical-rasch.qmd",282,"4","general, small, alternative, models, data, sampler, probit, model","Albert [-@albert_bayesian_1992] introduced data augmentation for the normal-ogive model: latent continuous responses are imputed, conditional on which the item parameters have conjugate normal full conditionals, so the whole sampler is Gibbs. It is elegant and it is tied to the probit link. Patz and Junker [-@patz_straightforward_1999] gave the general-purpose alternative — Metropolis-within-Gibbs, which does not require conjugacy and therefore extends to models that have no augmentation trick, which is most of them. Hamiltonian Monte Carlo as implemented in Stan is the modern default for the parametric model [@burkner_bayesian_2021]. The semiparametric models of Part V are fitted in NIMBLE, which is what makes the Dirichlet process machinery available at all. The uncertainty-propagation argument quotes Patz and Junker [-@patz_straightforward_1999]; the small-sample arguments are Gilholm et al. [-@gilholm_bayesian_2021] and Fox [-@fox_redefining_2025], read at the level of their stated aims rather than their derivations, which is all the claim here requires. Albert [-@albert_bayesian_1992] is cited for data augmentation under the normal ogive and Bürkner [-@burkner_bayesian_2021] for the Stan route.","automated full-text keyword overlap between the citing sentence and the PDF text layer","NO","2026-08-06"
"CTX-ANDERSSON-LARGE-2018-08-RELIABILITY","andersson_large_2018","book/chapters/08-reliability.qmd",333,"4","forms, ratio, metric, expression, reen, 1984, heng, 2012","$\bar w$ averages the *error variances* and then forms the ratio. $\rho_\Theta$ forms the ratio pointwise and averages *that*. Andersson and Xin [-@andersson_large_2018, eq. 13], following Cheng et al. [-@cheng_comparison_2012], state the unit-variance form; the $\sigma^2_\theta$ form displayed here is its algebraic scale adaptation. `mirt::marginal_rxx` does **not** implement this general-variance formula: mirt 1.46.1 evaluates $\operatorname{E}_G[\mathcal{J}/(\mathcal{J}+\sigma^2_\theta)]$, which agrees with $\rho_\Theta$ only when $\sigma^2_\theta=1$. $\tilde\rho$ averages the *information* and then forms the ratio; it is the average-information metric that the reliability-targeting package calibrates against. $\rho_\Theta$ in @eq-functionals adapts the unit-variance expression of Green et al. [-@green_technical_1984] as given by Andersson and Xin [-@andersson_large_2018, eq. 13] following Cheng et al. [-@cheng_comparison_2012]. The outer inequality of @thm-jensen-sandwich is Theorem 1 of the reliability-targeting package's theory vignette, restated; the inner placement and the proof as organized here are derived, and neither is claimed as novel — both steps are Jensen's inequality. @prp-mean-weight is derived here and corresponds to equations (C.23)–(C.24) of the Appendix C draft, which gives the inequality but not, in its earlier form, the working-approximation qualification; that qualification is logged as `C-006`.","automated full-text keyword overlap between the citing sentence and the PDF text layer","NO","2026-08-06"
"CTX-ANTONELLI-MITIGATING-2016-15-DIRICHLET-PROCESS","antonelli_mitigating_2016","book/chapters/15-dirichlet-process.qmd",266,"14","current, research, meaningful, about, question, conditional, package, both","The sources differ in both target and method. Paganin et al. examine the induced mean and variance of $K_N$ and use different Gamma priors in their simulation and real-data analyses; they do not advocate one universal reproducibility prior. Antonelli et al. [-@antonelli_mitigating_2016] compare moment matching, diffuse Gamma, Kullback--Leibler, fixed-$\alpha$, empirical-Bayes and importance-sampling strategies. Lee et al. [-@lee_improving_2025] elicit an entire distribution for $K$ through a chi-square construction and fit a Gamma hyperprior by Dorazio's KL method, rather than matching only $\operatorname{E}[K_J]$. Murugiah and Sweeting [-@murugiah_selecting_2012] develop a selection framework both with and without subjective information and provide defaults. Dorazio [-@dorazio_selecting_2009] and Rodríguez [-@rodriguez_jeffreys_2013] supply induced-cluster and objective routes; Rodríguez's Ewens Jeffreys prior is proper but has **no finite moments**. Vicentini and Jermyn [-@vicentini_prior_2025] pose the current question: specify $p(\alpha\mid\eta)$ through quantities for which “meaningful” prior information can actually be expressed. The design-conditional framework of this research programme is one answer to that question posed as a procedure: state a belief about the number of occupied clusters at the design's own $J$, convert it into a Gamma hyperprior on $\alpha$ by two-stage moment matching, and — the step the next subsection motivates — anchor the induced weight behaviour at the same time [@lee_design-conditional_2026]. The `DPprior` package implements the framework, and it is the machinery behind the companion simulation's ""focused"" and ""broad"" elicitation arms [@lee_dpprior_2026].","automated full-text keyword overlap between the citing sentence and the PDF text layer","NO","2026-08-06"
"CTX-ARK-STANDARD-2025-08-RELIABILITY","ark_standard_2025","book/chapters/08-reliability.qmd",57,"1","heorem, about, 1679, ovick, 1968, latent, 1951, total","with $V_i$ the item variances and $V_t$ the total-score variance, is a lower bound on $\rho_{XX'}$ under any model — a result van der Ark [-@ark_standard_2025, p. 1679] attributes to Lord and Novick (1968, Theorem 4.4.3). Guttman's $\lambda_2$ [@guttman_basis_1945, § 13] is a sharper lower bound using the squared inter-item covariances, and Guttman's $\lambda_3$ is $\alpha$ [@ark_standard_2025, p. 1686, § 3.7]. Three things follow that are worth saying flatly, because each is regularly got wrong: $\alpha$ is a bound and not an estimate; it is a statement about the sum score and not about a latent variable; and it is not a measure of unidimensionality [@sijtsma_use_2009]. @eq-alpha is Cronbach's own equation (2) [-@cronbach_coefficient_1951, p. 299], read at that page: the symbols $n$, $V_i$ and $V_t$ and the statement that $V_t$ is the variance of test scores and $V_i$ the variance of item scores are his. The lower-bound status and the $\lambda_3 = \alpha$ identity are van der Ark [-@ark_standard_2025, pp. 1679 and 1686 § 3.7]; $\lambda_2$ is Guttman [-@guttman_basis_1945, § 13].","automated full-text keyword overlap between the citing sentence and the PDF text layer","NO","2026-08-06"
"CTX-BAMBIRRA-GONCALVES-BAYESIAN-2018-14-FLEXIBLE-ALTERNATIVES","bambirra_goncalves_bayesian_2018","book/chapters/14-flexible-alternatives.qmd",88,"11","2001, family, maximum, 2006, curves, nonparametric, latent, 2016","Bolt et al. [-@bolt_mixture_2001] use a mixture item response model to capture discrete latent classes with different propensities toward response categories — a mixture over *people*, motivated substantively. Gnaldi et al. [-@gnaldi_multilevel_2016] extend this to a multilevel finite mixture that clusters both students and schools into ability classes. Bambirra Gonçalves et al. [-@bambirra_goncalves_bayesian_2018] take the more direct route of putting a normal mixture on the ability distribution itself in a Bayesian 3PL, ""allowing for features like skewness, multimodality and heavy tails."" Cheng and Meng [-@cheng_estimating_2025] revisit Gaussian-mixture IRT and note that it doubles as a tool for exploring latent heterogeneity, their contribution being a stochastic-approximation EM algorithm to make the computation tractable. Zhang et al. [-@zhang_bayesian_2021] give an MCMC method for ordinal items with flexible latent trait distributions, using a **Davidian curve** to approximate $G$ within a Bayesian sampler — the same density family as Woods and Lin, fitted so as to produce a posterior rather than a maximum. Bambirra Gonçalves et al. [-@bambirra_goncalves_bayesian_2018] do the corresponding thing for mixtures. Mislevy [-@mislevy_estimating_1984] for direct estimation of population parameters from responses with standard errors and fit tests; Woods and Thissen [-@woods_item_2006] for splines and the 2PL improvement; Woods [-@woods_ramsay-curve_2006; -@woods_ramsay_2007; -@woods_ramsay-curve_2008] for Ramsay curves, including model selection as part of the method; Woods and Lin [-@woods_item_2009] for Davidian curves and the three-way comparison against Ramsay curves and the empirical histogram; Monroe and Cai [-@monroe_estimation_2014] for the missing covariance matrix under EM; Bolt et al. [-@bolt_mixture_2001] and Gnaldi et al. [-@gnaldi_multilevel_2016] for mixtures over people; Bambirra Gonçalves et al. [-@bambirra_goncalves_bayesian_2018] and Cheng and Meng [-@cheng_estimating_2025] for mixtures on the ability distribution; Kappus et al. [-@kappus_nonparametric_2020] for the inverse-problem framing; Zhang et al. [-@zhang_bayesian_2021] for the Bayesian Davidian sampler; Finch and Edwards [-@finch_rasch_2016] for the corrective evaluation. Li and Cai [-@li_summed_2018] supply the remark on empirical-histogram stability, from their § 1.","automated full-text keyword overlap between the citing sentence and the PDF text layer","NO","2026-08-06"
"CTX-BLANCA-SKEWNESS-2013-13-NON-NORMALITY","blanca_skewness_2013","book/chapters/13-non-normality.qmd",27,"7","modern, sizes, multivariate, cience, ducational, esearch, ournal, normality","Two modern replications reach the same place with different corpora. Blanca et al. [-@blanca_skewness_2013] examine 693 distributions at sample sizes of 10 to 30 and report skewness from $-2.49$ to $2.33$ and kurtosis from $-1.92$ to $7.41$, with **only 5.5%** close to the values normality would give. Cain et al. [-@cain_univariate_2017] collect 1,567 univariate and 254 multivariate distributions from authors publishing in *Psychological Science* and the *American Educational Research Journal*, and find **74%** and **68%** respectively departing from normality. Blanca et al. [-@blanca_skewness_2013] and Cain et al. [-@cain_univariate_2017] are read at the level of their reported counts and percentages, which is all that is used.","automated full-text keyword overlap between the citing sentence and the PDF text layer","NO","2026-08-06"
"CTX-BOCK-ADAPTIVE-1982-11-CONDITIONAL-POSTERIOR-AND-SHRINKAGE","bock_adaptive_1982","book/chapters/11-conditional-posterior-and-shrinkage.qmd",314,"13","square, 1982, islevy, quadrature, standard, adaptive","@eq-cond-post, @eq-working, @thm-eap-shrinkage and @eq-post-var follow the Appendix E draft §§ E.2–E.4, which derives them in this notation; the completing-the-square proof is standard normal–normal conjugacy and is restated rather than attributed, since it predates the psychometric literature entirely. Bock and Mislevy [-@bock_adaptive_1982] is the standard psychometric reference for EAP scoring by quadrature.","automated full-text keyword overlap between the citing sentence and the PDF text layer","NO","2026-08-06"
"CTX-BOCK-MARGINAL-1981-02-NOTATION-AND-FRAMEWORKS","bock_marginal_1981","book/chapters/02-notation-and-frameworks.qmd",251,"1","draft, limit, without, 1981, standard, marginal, model, likelihood","The parallel between the marginal likelihood and the hierarchical model in @sec-ch02-frameworks restates @bock_marginal_1981 for the frequentist side and @fox_bayesian_2010 for the Bayesian, and follows the Appendix D draft (§ D.5) in setting them against each other. The observation that MML is the flat-hyperprior limit of the hierarchical model is standard and is stated here without novelty claim.","automated full-text keyword overlap between the citing sentence and the PDF text layer","NO","2026-08-06"
"CTX-BOCK-MARGINAL-1981-05-ITEM-PARAMETER-ESTIMATION","bock_marginal_1981","book/chapters/05-item-parameter-estimation.qmd",120,"7","integral, means, posterior, family, practical, marginal, estimation, data","**Restricted marginal estimation** fixes a parametric family — almost always $G = N(\mu_\theta, \sigma^2_\theta)$ — and estimates its parameters alongside $\boldsymbol\beta$. This is what ""MML"" means in ordinary usage and what the manuscript does. The integral is then computed by Gauss–Hermite quadrature and the whole maximized by EM: treating the $\theta_p$ as missing data, the E step forms the posterior of each person's trait under current parameters and the M step maximizes the expected complete log-likelihood, which separates by item. That algorithm is Bock and Aitkin's [-@bock_marginal_1981], and it is what made MML practical. The EM algorithm for restricted marginal estimation is Bock and Aitkin's [-@bock_marginal_1981]. CML's development follows Debelak et al. [-@debelak_introduction_2022, § 3.2], and the sufficiency it rests on is @thm-suff.","automated full-text keyword overlap between the citing sentence and the PDF text layer","NO","2026-08-06"
"CTX-BOLT-MIXTURE-2001-14-FLEXIBLE-ALTERNATIVES","bolt_mixture_2001","book/chapters/14-flexible-alternatives.qmd",84,"1","2001, allowing, tests, propensities, algorithm, including, students, 1984","Bolt et al. [-@bolt_mixture_2001] use a mixture item response model to capture discrete latent classes with different propensities toward response categories — a mixture over *people*, motivated substantively. Gnaldi et al. [-@gnaldi_multilevel_2016] extend this to a multilevel finite mixture that clusters both students and schools into ability classes. Bambirra Gonçalves et al. [-@bambirra_goncalves_bayesian_2018] take the more direct route of putting a normal mixture on the ability distribution itself in a Bayesian 3PL, ""allowing for features like skewness, multimodality and heavy tails."" Cheng and Meng [-@cheng_estimating_2025] revisit Gaussian-mixture IRT and note that it doubles as a tool for exploring latent heterogeneity, their contribution being a stochastic-approximation EM algorithm to make the computation tractable. Mislevy [-@mislevy_estimating_1984] for direct estimation of population parameters from responses with standard errors and fit tests; Woods and Thissen [-@woods_item_2006] for splines and the 2PL improvement; Woods [-@woods_ramsay-curve_2006; -@woods_ramsay_2007; -@woods_ramsay-curve_2008] for Ramsay curves, including model selection as part of the method; Woods and Lin [-@woods_item_2009] for Davidian curves and the three-way comparison against Ramsay curves and the empirical histogram; Monroe and Cai [-@monroe_estimation_2014] for the missing covariance matrix under EM; Bolt et al. [-@bolt_mixture_2001] and Gnaldi et al. [-@gnaldi_multilevel_2016] for mixtures over people; Bambirra Gonçalves et al. [-@bambirra_goncalves_bayesian_2018] and Cheng and Meng [-@cheng_estimating_2025] for mixtures on the ability distribution; Kappus et al. [-@kappus_nonparametric_2020] for the inverse-problem framing; Zhang et al. [-@zhang_bayesian_2021] for the Bayesian Davidian sampler; Finch and Edwards [-@finch_rasch_2016] for the corrective evaluation. Li and Cai [-@li_summed_2018] supply the remark on empirical-histogram stability, from their § 1.","automated full-text keyword overlap between the citing sentence and the PDF text layer","NO","2026-08-06"
"CTX-BURKNER-BAYESIAN-2021-10-BAYESIAN-HIERARCHICAL-RASCH","burkner_bayesian_2021","book/chapters/10-bayesian-hierarchical-rasch.qmd",289,"46","ibbs, etropolis, irichlet, amiltonian, require, onte, arlo, available","Albert [-@albert_bayesian_1992] introduced data augmentation for the normal-ogive model: latent continuous responses are imputed, conditional on which the item parameters have conjugate normal full conditionals, so the whole sampler is Gibbs. It is elegant and it is tied to the probit link. Patz and Junker [-@patz_straightforward_1999] gave the general-purpose alternative — Metropolis-within-Gibbs, which does not require conjugacy and therefore extends to models that have no augmentation trick, which is most of them. Hamiltonian Monte Carlo as implemented in Stan is the modern default for the parametric model [@burkner_bayesian_2021]. The semiparametric models of Part V are fitted in NIMBLE, which is what makes the Dirichlet process machinery available at all. The uncertainty-propagation argument quotes Patz and Junker [-@patz_straightforward_1999]; the small-sample arguments are Gilholm et al. [-@gilholm_bayesian_2021] and Fox [-@fox_redefining_2025], read at the level of their stated aims rather than their derivations, which is all the claim here requires. Albert [-@albert_bayesian_1992] is cited for data augmentation under the normal ogive and Bürkner [-@burkner_bayesian_2021] for the Stan route.","automated full-text keyword overlap between the citing sentence and the PDF text layer","NO","2026-08-06"
"CTX-CAIN-UNIVARIATE-2017-13-NON-NORMALITY","cain_univariate_2017","book/chapters/13-non-normality.qmd",29,"1","cience, sychological, sizes, esearch, ournal, 2013, authors, lanca","Two modern replications reach the same place with different corpora. Blanca et al. [-@blanca_skewness_2013] examine 693 distributions at sample sizes of 10 to 30 and report skewness from $-2.49$ to $2.33$ and kurtosis from $-1.92$ to $7.41$, with **only 5.5%** close to the values normality would give. Cain et al. [-@cain_univariate_2017] collect 1,567 univariate and 254 multivariate distributions from authors publishing in *Psychological Science* and the *American Educational Research Journal*, and find **74%** and **68%** respectively departing from normality. Blanca et al. [-@blanca_skewness_2013] and Cain et al. [-@cain_univariate_2017] are read at the level of their reported counts and percentages, which is all that is used.","automated full-text keyword overlap between the citing sentence and the PDF text layer","NO","2026-08-06"
"CTX-CHENG-COMPARISON-2012-08-RELIABILITY","cheng_comparison_2012","book/chapters/08-reliability.qmd",333,"15","expression, unit, reen, derived, general, theory, scale, reliability","$\bar w$ averages the *error variances* and then forms the ratio. $\rho_\Theta$ forms the ratio pointwise and averages *that*. Andersson and Xin [-@andersson_large_2018, eq. 13], following Cheng et al. [-@cheng_comparison_2012], state the unit-variance form; the $\sigma^2_\theta$ form displayed here is its algebraic scale adaptation. `mirt::marginal_rxx` does **not** implement this general-variance formula: mirt 1.46.1 evaluates $\operatorname{E}_G[\mathcal{J}/(\mathcal{J}+\sigma^2_\theta)]$, which agrees with $\rho_\Theta$ only when $\sigma^2_\theta=1$. $\tilde\rho$ averages the *information* and then forms the ratio; it is the average-information metric that the reliability-targeting package calibrates against. $\rho_\Theta$ in @eq-functionals adapts the unit-variance expression of Green et al. [-@green_technical_1984] as given by Andersson and Xin [-@andersson_large_2018, eq. 13] following Cheng et al. [-@cheng_comparison_2012]. The outer inequality of @thm-jensen-sandwich is Theorem 1 of the reliability-targeting package's theory vignette, restated; the inner placement and the proof as organized here are derived, and neither is claimed as novel — both steps are Jensen's inequality. @prp-mean-weight is derived here and corresponds to equations (C.23)–(C.24) of the Appendix C draft, which gives the inequality but not, in its earlier form, the working-approximation qualification; that qualification is logged as `C-006`.","automated full-text keyword overlap between the citing sentence and the PDF text layer","NO","2026-08-06"
"CTX-CHENG-ESTIMATING-2025-14-FLEXIBLE-ALTERNATIVES","cheng_estimating_2025","book/chapters/14-flexible-alternatives.qmd",91,"19","rasch, curve, 2007, amsay, curves, mixtures, hang, 2021","Bolt et al. [-@bolt_mixture_2001] use a mixture item response model to capture discrete latent classes with different propensities toward response categories — a mixture over *people*, motivated substantively. Gnaldi et al. [-@gnaldi_multilevel_2016] extend this to a multilevel finite mixture that clusters both students and schools into ability classes. Bambirra Gonçalves et al. [-@bambirra_goncalves_bayesian_2018] take the more direct route of putting a normal mixture on the ability distribution itself in a Bayesian 3PL, ""allowing for features like skewness, multimodality and heavy tails."" Cheng and Meng [-@cheng_estimating_2025] revisit Gaussian-mixture IRT and note that it doubles as a tool for exploring latent heterogeneity, their contribution being a stochastic-approximation EM algorithm to make the computation tractable. Mislevy [-@mislevy_estimating_1984] for direct estimation of population parameters from responses with standard errors and fit tests; Woods and Thissen [-@woods_item_2006] for splines and the 2PL improvement; Woods [-@woods_ramsay-curve_2006; -@woods_ramsay_2007; -@woods_ramsay-curve_2008] for Ramsay curves, including model selection as part of the method; Woods and Lin [-@woods_item_2009] for Davidian curves and the three-way comparison against Ramsay curves and the empirical histogram; Monroe and Cai [-@monroe_estimation_2014] for the missing covariance matrix under EM; Bolt et al. [-@bolt_mixture_2001] and Gnaldi et al. [-@gnaldi_multilevel_2016] for mixtures over people; Bambirra Gonçalves et al. [-@bambirra_goncalves_bayesian_2018] and Cheng and Meng [-@cheng_estimating_2025] for mixtures on the ability distribution; Kappus et al. [-@kappus_nonparametric_2020] for the inverse-problem framing; Zhang et al. [-@zhang_bayesian_2021] for the Bayesian Davidian sampler; Finch and Edwards [-@finch_rasch_2016] for the corrective evaluation. Li and Cai [-@li_summed_2018] supply the remark on empirical-histogram stability, from their § 1.","automated full-text keyword overlap between the citing sentence and the PDF text layer","NO","2026-08-06"
"CTX-CONOYER-META-ANALYSIS-2022-01-THE-ESTIMATION-PROBLEM","conoyer_meta-analysis_2022","book/chapters/01-the-estimation-problem.qmd",106,"4","rather, standardized, measuring, urriculum, assessment, items, been, measurement","**Curriculum-based measurement.** Conoyer et al. [-@conoyer_meta-analysis_2022] tabulate twenty assessment-level rows for content-area curriculum-based measures. Reliability coefficients in that table run from **.21** to **.89**, on instruments of **20 to 60 items**, with assessment samples from **25 to 967** persons. The twenty sample sizes have R type-7 quartiles 61.75, 147, and 245.5. The bottom of the reliability range is not a curiosity; it is a published assessment in use. The curriculum-based measurement context comes from Conoyer et al. [-@conoyer_meta-analysis_2022] and Nelson et al. [-@nelson_review_2023], and the disaggregated-reliability evidence from Rutkowski and Rutkowski [-@rutkowski_measuring_2013] and Abedi [-@abedi_standardized_2002]. The corpus figures are the Item Response Warehouse reliability study's [-@lee_reliability-distribution_2026], read from its manuscript; @sec-ch28 gives that study's design and the assertions under which its per-unit frame is used here. The numbers quoted in @sec-ch01-reliability were visually reconstructed from the assessment-level rows of Conoyer's Table 1, and the quantiles use R's type-7 convention. A non-load-bearing claim attributed in the manuscript to an unresolved Ramsay (2016) reference has been omitted rather than carried with an unverifiable citation.","automated full-text keyword overlap between the citing sentence and the PDF text layer","NO","2026-08-06"
"CTX-CRONBACH-COEFFICIENT-1951-08-RELIABILITY","cronbach_coefficient_1951","book/chapters/08-reliability.qmd",50,"12","statement, basis, lower, uttman, scores, coefficients, variance, coefficient","$\operatorname{Var}(T)$ is not observable, so classical coefficients bound it rather than estimate it. Coefficient $\alpha$ [@cronbach_coefficient_1951], @eq-alpha is Cronbach's own equation (2) [-@cronbach_coefficient_1951, p. 299], read at that page: the symbols $n$, $V_i$ and $V_t$ and the statement that $V_t$ is the variance of test scores and $V_i$ the variance of item scores are his. The lower-bound status and the $\lambda_3 = \alpha$ identity are van der Ark [-@ark_standard_2025, pp. 1679 and 1686 § 3.7]; $\lambda_2$ is Guttman [-@guttman_basis_1945, § 13].","automated full-text keyword overlap between the citing sentence and the PDF text layer","NO","2026-08-06"
"CTX-CRONBACH-MY-2004-08-RELIABILITY","cronbach_my_2004","book/chapters/08-reliability.qmd",405,"27","length, convention, derivation, generalizability, should, rather, ronbach, analysis","The thresholds $0.70$, $0.80$ and $0.90$ have no derivation. They are conventions, and their provenance is thinner than their authority. Nunnally's textbook is the usual citation and is regularly cited for a threshold he stated with qualifications about research stage that the citing literature drops; Sijtsma [-@sijtsma_use_2009] makes the point at length, and Cronbach's own retrospective on $\alpha$ [-@cronbach_my_2004] never names a numerical threshold at all — his argument is that $\alpha$ should give way to a generalizability analysis, not that it should clear a bar. Hussey et al. [-@hussey_aberrant_2025] supply the empirical signature of a convention operating as a gate rather than a description: across more than 67,000 published $\alpha$ values, an excess at the $.70$ rule-of-thumb threshold that justifiable measurement practice does not explain.","automated full-text keyword overlap between the citing sentence and the PDF text layer","NO","2026-08-06"
"CTX-DOMINGUE-INTRODUCTION-2025-09-DESIGNING-FOR-RELIABILITY","domingue_introduction_2025","book/chapters/09-designing-for-reliability.qmd",162,"1","arehouse, domingue, introduction, esponse, standard, datasets, 2025, item","The reference exists and is recent. Zhang et al. [-@zhang_realistic_2025] fit the Rasch model to 73 datasets from the Item Response Warehouse [@domingue_introduction_2025] — filtered from 504 by excluding duplicated respondent–item pairs, non-binary items, matrices more than half missing, and five datasets with near-zero latent variance — and characterize the difficulty distributions directly. What matters for the comparison is that they rescale: difficulties are divided by the standard deviation of the latent trait estimates and centred, so their summaries are on exactly the metric that $\beta \sim N(0,1)$ with $\theta \sim N(0,1)$ assumes.","automated full-text keyword overlap between the citing sentence and the PDF text layer","NO","2026-08-06"
"CTX-DOMINGUE-INTRODUCTION-2025-28-WHAT-REAL-TESTS-LOOK-LIKE","domingue_introduction_2025","book/chapters/28-what-real-tests-look-like.qmd",16,"2","real, derived, before, records, volumes, sources, including, latent","Three empirical questions ran through this book with placeholders where numbers should be. What reliability do real tests actually deliver (@sec-ch01, @sec-ch08)? How often are real latent-trait distributions non-normal, and in what way (@sec-ch13)? And when the prior and the summary are changed on a real test, what actually moves (@sec-ch17 through @sec-ch20)? Three studies built alongside this book now answer them at corpus scale: two measurement censuses of the Item Response Warehouse [@domingue_introduction_2025], and the case-study volume's thirteen fitted cases [@lee_casestudy_2026]. This chapter reports what they found, under the same rules as @sec-ch27: frozen sources, asserted numbers, labels preserved. The reliability census is @lee_reliability-distribution_2026 and is read from its frozen complete 889-unit analysis snapshot; its public derived release has 879 rows because ten cannot be redistributed. The prevalence census is @lee_theta-nonnormality_2026 and is read from its *corrected* released frame, which repairs a scale-dependence defect its external review found in the original resampling analysis. The published medians and exceedance counts are asserted by `code/R/20-evidence-tables.R` before any display is written; the deconvolved shares and the sensitivity-grid values are the studies' own model-based results, carried as published. The Warehouse itself is @domingue_introduction_2025. The case-study results — materiality census, null calibration, seed floor, portfolio-specific GR split, shape-class instability, the displacement decomposition, and the verdict layer — are @lee_casestudy_2026, cited in its second edition, whose analysis layer (the P-series tables and the claim register) remains in the first edition's repository; this book's pipeline reads that frozen layer directly (P3-T17, P1-T6, P3-T15, and the replicate-audit records), and the second edition adds no fits and recomputes no frozen number. Quotation follows the volume's registered consequence vocabulary, with its corrections of record honoured — including the Jaccard-to-membership conversion its corrigendum fixed — and with its own labels preserved: the seed-floor headline widened to two-to-nine percent by the undetermined class, the 32.35-percent all-pairs maximum kept distinct from the plotted Gaussian + PM subset's 28-percent maximum, the verdict layer marked as unpreregistered, and the displacement-versus-improvement reconciliation attributed to that edition rather than asserted as settled. The cited volume supplies the *exploratory* cut-score observation E-01 and the frozen 16/17-item counts. The bands-rather-than-exact-ties correction and the near-rank-reassignment mechanism come instead from the second edition's external-review/correction record, finding F-07; they are not attributed to the case-study book itself. The 16/17 split is quoted only for this 78-fit portfolio. The convergence reading between the two companion volumes in @sec-ch28-moves is this book's, and it is a statement about where the evidence agrees, not a new analysis.","automated full-text keyword overlap between the citing sentence and the PDF text layer","NO","2026-08-06"
"CTX-DORAZIO-SELECTING-2009-15-DIRICHLET-PROCESS","dorazio_selecting_2009","book/chapters/15-dirichlet-process.qmd",272,"6","sources, variance, moment, belief, implements, mean, analyses, sampling","The sources differ in both target and method. Paganin et al. examine the induced mean and variance of $K_N$ and use different Gamma priors in their simulation and real-data analyses; they do not advocate one universal reproducibility prior. Antonelli et al. [-@antonelli_mitigating_2016] compare moment matching, diffuse Gamma, Kullback--Leibler, fixed-$\alpha$, empirical-Bayes and importance-sampling strategies. Lee et al. [-@lee_improving_2025] elicit an entire distribution for $K$ through a chi-square construction and fit a Gamma hyperprior by Dorazio's KL method, rather than matching only $\operatorname{E}[K_J]$. Murugiah and Sweeting [-@murugiah_selecting_2012] develop a selection framework both with and without subjective information and provide defaults. Dorazio [-@dorazio_selecting_2009] and Rodríguez [-@rodriguez_jeffreys_2013] supply induced-cluster and objective routes; Rodríguez's Ewens Jeffreys prior is proper but has **no finite moments**. Vicentini and Jermyn [-@vicentini_prior_2025] pose the current question: specify $p(\alpha\mid\eta)$ through quantities for which “meaningful” prior information can actually be expressed. The design-conditional framework of this research programme is one answer to that question posed as a procedure: state a belief about the number of occupied clusters at the design's own $J$, convert it into a Gamma hyperprior on $\alpha$ by two-stage moment matching, and — the step the next subsection motivates — anchor the induced weight behaviour at the same time [@lee_design-conditional_2026]. The `DPprior` package implements the framework, and it is the machinery behind the companion simulation's ""focused"" and ""broad"" elicitation arms [@lee_dpprior_2026].","automated full-text keyword overlap between the citing sentence and the PDF text layer","NO","2026-08-06"
"CTX-DUNCAN-NONPARAMETRIC-2008-16-DPM-PRIORS","duncan_nonparametric_2008","book/chapters/16-dpm-priors.qmd",21,"25","ogive, semiparametric, package, characteristic, normal, nonparametric, achern, logistic","Duncan and MacEachern [-@duncan_nonparametric_2008] give the nonparametric-Bayes treatment of the ability distribution in the item-response setting. Miyazaki and Hoshino [-@miyazaki_bayesian_2009] attack a different target with the same tool: their concern is that logistic and normal-ogive item characteristic curves admit ""only limited patterns of shapes,"" so the model may not fit, and their semiparametric construction relaxes the *item* side rather than the person side. San Martín et al. [-@sanmartin_bayesian_2011] are the identification paper and are the source @sec-ch16-identification rests on. Paganin et al. [-@paganin_computational_2022] are the computational and practical reference. The companion package draws on that parameterization, but its current defaults must be read from package source rather than attributed wholesale to the paper.","automated full-text keyword overlap between the citing sentence and the PDF text layer","NO","2026-08-06"
"CTX-EFRON-EMPIRICAL-2016-12-EMPIRICAL-BAYES-TRADITION","efron_empirical_2016","book/chapters/12-empirical-bayes-tradition.qmd",199,"2","observable, mechanism, moderate, unknown, unobserved, discouraging, useful, 2016","If the goal is $G$ itself — not any person's ability — then the person estimates are a detour. Efron [-@efron_empirical_2016] poses it directly: an unknown prior density $g(\theta)$ yields unobserved realizations $\Theta_1,\dots,\Theta_N$, each producing an observable $X_i$ through a known mechanism, and the problem is to recover $g$ from the $X_i$ alone. This is deconvolution, and Efron's contribution is the practical one: the nonparametric convergence rates are ""discouraging,"" but modelling $g$ as an exponential family — *g-modelling* — gives useful estimates at moderate sample sizes. Efron [-@efron_empirical_2016] is read for the problem statement and the g-modelling proposal; the mapping to the Rasch case is this book's and is elementary.","automated full-text keyword overlap between the citing sentence and the PDF text layer","NO","2026-08-06"
"CTX-FINCH-RASCH-2016-14-FLEXIBLE-ALTERNATIVES","finch_rasch_2016","book/chapters/14-flexible-alternatives.qmd",152,"23","curves, avidian, evaluation, 2014, ability, hissen, curve, amsay","Finch and Edwards [-@finch_rasch_2016] are the useful counterweight. They review Rasch parameter estimation under non-normal latent traits, note that methods such as RC-IRT have been shown to reduce bias, and evaluate how well they actually do. The literature does not claim that flexibility is free, and neither does this book. Mislevy [-@mislevy_estimating_1984] for direct estimation of population parameters from responses with standard errors and fit tests; Woods and Thissen [-@woods_item_2006] for splines and the 2PL improvement; Woods [-@woods_ramsay-curve_2006; -@woods_ramsay_2007; -@woods_ramsay-curve_2008] for Ramsay curves, including model selection as part of the method; Woods and Lin [-@woods_item_2009] for Davidian curves and the three-way comparison against Ramsay curves and the empirical histogram; Monroe and Cai [-@monroe_estimation_2014] for the missing covariance matrix under EM; Bolt et al. [-@bolt_mixture_2001] and Gnaldi et al. [-@gnaldi_multilevel_2016] for mixtures over people; Bambirra Gonçalves et al. [-@bambirra_goncalves_bayesian_2018] and Cheng and Meng [-@cheng_estimating_2025] for mixtures on the ability distribution; Kappus et al. [-@kappus_nonparametric_2020] for the inverse-problem framing; Zhang et al. [-@zhang_bayesian_2021] for the Bayesian Davidian sampler; Finch and Edwards [-@finch_rasch_2016] for the corrective evaluation. Li and Cai [-@li_summed_2018] supply the remark on empirical-histogram stability, from their § 1.","automated full-text keyword overlap between the citing sentence and the PDF text layer","NO","2026-08-06"
"CTX-FOX-REDEFINING-2025-10-BAYESIAN-HIERARCHICAL-RASCH","fox_redefining_2025","book/chapters/10-bayesian-hierarchical-rasch.qmd",262,"4","easy, integrating, analytically, straightforward, obtain, requires, incidental, simulation","**Small samples.** Where $P$ is small the incidental-parameter difficulty of @thm-neyman-scott is at its worst and the asymptotics of @eq-sem are least trustworthy. Gilholm et al. [-@gilholm_bayesian_2021] fit hierarchical multidimensional IRT to small, sparse samples for exactly this reason, and Fox [-@fox_redefining_2025] takes the more radical route of integrating the person factor out analytically to obtain a model that behaves in small samples. Neither is this programme's setting — the simulation uses hundreds of persons — so the argument is real but is not what carries the case here, and overstating it would be easy. The uncertainty-propagation argument quotes Patz and Junker [-@patz_straightforward_1999]; the small-sample arguments are Gilholm et al. [-@gilholm_bayesian_2021] and Fox [-@fox_redefining_2025], read at the level of their stated aims rather than their derivations, which is all the claim here requires. Albert [-@albert_bayesian_1992] is cited for data augmentation under the normal ogive and Bürkner [-@burkner_bayesian_2021] for the Stan route.","automated full-text keyword overlap between the citing sentence and the PDF text layer","NO","2026-08-06"
"CTX-GELMAN-BAYESIAN-2013-02-NOTATION-AND-FRAMEWORKS","gelman_bayesian_2013","book/chapters/02-notation-and-frameworks.qmd",246,"306","named, machine, introduction, ppendix, data","The data-structure notation and the level vocabulary of @sec-ch02-levels follow the Appendix A draft prepared for the APM revision (§§ A.2, A.4.3, A.5), which in turn follows @fox_bayesian_2010 and @debelak_introduction_2022 for the hierarchical framing and @gelman_bayesian_2013 for the level terminology. That draft carries no citation authority in this book — it is machine-generated and unreconciled — and every statement taken from it has been re-derived or checked against the source named here.","automated full-text keyword overlap between the citing sentence and the PDF text layer","NO","2026-08-06"
"CTX-GELMAN-PRIOR-2006-10-BAYESIAN-HIERARCHICAL-RASCH","gelman_prior_2006","book/chapters/10-bayesian-hierarchical-rasch.qmd",193,"3","comfortably, limiting, cannot, simply, sensitive, because, proper, value","::: {.callout-note appearance=""simple""} ::: {.ms} **What the inverse-gamma pathology does and does not say here.** Gelman [-@gelman_prior_2006, §§ 2.1–2.2] shows that the inverse-gamma$(\epsilon, \epsilon)$ family — the $\text{IG}(0.001, 0.001)$ that older software offered as ""noninformative"" — has *no proper limiting posterior* as $\epsilon \to 0$, so inferences remain sensitive to $\epsilon$ and it ""cannot simply be comfortably set to a low value."" Elsewhere in the paper Gelman develops uniform and half-$t$ alternatives on the standard-deviation scale; that recommendation is not attributed to §§ 2.1–2.2. The inverse-gamma discussion is Gelman [-@gelman_prior_2006, §§ 2.1–2.2], read directly; the qualification that its regime is small-$J$ and that @eq-hyperpriors is not of the $(\epsilon,\epsilon)$ form is this book's, and is stated because the citation is otherwise routinely made without it. The moments of $\text{Inv-Gamma}(2.01, 1.01)$ are computed from the standard formulas.","automated full-text keyword overlap between the citing sentence and the PDF text layer","NO","2026-08-06"
"CTX-GILHOLM-BAYESIAN-2021-10-BAYESIAN-HIERARCHICAL-RASCH","gilholm_bayesian_2021","book/chapters/10-bayesian-hierarchical-rasch.qmd",261,"4","real, simulation, easy, obtain, samples, sparse, parameter, multidimensional","**Small samples.** Where $P$ is small the incidental-parameter difficulty of @thm-neyman-scott is at its worst and the asymptotics of @eq-sem are least trustworthy. Gilholm et al. [-@gilholm_bayesian_2021] fit hierarchical multidimensional IRT to small, sparse samples for exactly this reason, and Fox [-@fox_redefining_2025] takes the more radical route of integrating the person factor out analytically to obtain a model that behaves in small samples. Neither is this programme's setting — the simulation uses hundreds of persons — so the argument is real but is not what carries the case here, and overstating it would be easy. The uncertainty-propagation argument quotes Patz and Junker [-@patz_straightforward_1999]; the small-sample arguments are Gilholm et al. [-@gilholm_bayesian_2021] and Fox [-@fox_redefining_2025], read at the level of their stated aims rather than their derivations, which is all the claim here requires. Albert [-@albert_bayesian_1992] is cited for data augmentation under the normal ogive and Bürkner [-@burkner_bayesian_2021] for the Stan route.","automated full-text keyword overlap between the citing sentence and the PDF text layer","NO","2026-08-06"
"CTX-GIORDANO-EVALUATING-2022-15-DIRICHLET-PROCESS","giordano_evaluating_2022","book/chapters/15-dirichlet-process.qmd",308,"2","literature, onte, arlo, draws, consequences, should, method, tools","This is not this book's discovery and should not be presented as one. It is a known problem with a literature. Greve et al. [-@greve_spying_2022] identify precisely this as ""a major empirical challenge"" — characterizing the prior a flexible cluster-count specification induces on the partition — and provide tools for inspecting it. Giordano et al. [-@giordano_evaluating_2022] make the complementary point that because these models are so flexible ""the consequences of prior choices can be opaque,"" while prior choice ""can have a substantial effect on posterior inferences,"" and give a method for quantifying sensitivity to the stick-breaking prior specifically. @fig-k-alpha is computed exactly from @eq-antoniak-pmf on the log scale. @fig-stick-crp's right panel is simulated from @eq-stick with a fixed seed; the medians and exceedance probabilities quoted in @sec-ch15-unintended are from that simulation and are Monte Carlo estimates, not exact values. @fig-dp-draws is simulated from @eq-stick and @eq-dpm with a fixed seed and finite truncation, added in this edition (`code/R/23-figures-v2-theory.R`); it illustrates the objects and asserts nothing. The generated values are frozen in `tables/F-stick-crp-summary.rds` with a CSV mirror in `tables/supplement/`. The phenomenon they illustrate is Greve et al.'s [-@greve_spying_2022] and Giordano et al.'s [-@giordano_evaluating_2022], and is presented as theirs.","automated full-text keyword overlap between the citing sentence and the PDF text layer","NO","2026-08-06"
"CTX-GNALDI-MULTILEVEL-2016-14-FLEXIBLE-ALTERNATIVES","gnaldi_multilevel_2016","book/chapters/14-flexible-alternatives.qmd",86,"2","heterogeneity, part, evaluation, islevy, population, take, 2008, 2001","Bolt et al. [-@bolt_mixture_2001] use a mixture item response model to capture discrete latent classes with different propensities toward response categories — a mixture over *people*, motivated substantively. Gnaldi et al. [-@gnaldi_multilevel_2016] extend this to a multilevel finite mixture that clusters both students and schools into ability classes. Bambirra Gonçalves et al. [-@bambirra_goncalves_bayesian_2018] take the more direct route of putting a normal mixture on the ability distribution itself in a Bayesian 3PL, ""allowing for features like skewness, multimodality and heavy tails."" Cheng and Meng [-@cheng_estimating_2025] revisit Gaussian-mixture IRT and note that it doubles as a tool for exploring latent heterogeneity, their contribution being a stochastic-approximation EM algorithm to make the computation tractable. Mislevy [-@mislevy_estimating_1984] for direct estimation of population parameters from responses with standard errors and fit tests; Woods and Thissen [-@woods_item_2006] for splines and the 2PL improvement; Woods [-@woods_ramsay-curve_2006; -@woods_ramsay_2007; -@woods_ramsay-curve_2008] for Ramsay curves, including model selection as part of the method; Woods and Lin [-@woods_item_2009] for Davidian curves and the three-way comparison against Ramsay curves and the empirical histogram; Monroe and Cai [-@monroe_estimation_2014] for the missing covariance matrix under EM; Bolt et al. [-@bolt_mixture_2001] and Gnaldi et al. [-@gnaldi_multilevel_2016] for mixtures over people; Bambirra Gonçalves et al. [-@bambirra_goncalves_bayesian_2018] and Cheng and Meng [-@cheng_estimating_2025] for mixtures on the ability distribution; Kappus et al. [-@kappus_nonparametric_2020] for the inverse-problem framing; Zhang et al. [-@zhang_bayesian_2021] for the Bayesian Davidian sampler; Finch and Edwards [-@finch_rasch_2016] for the corrective evaluation. Li and Cai [-@li_summed_2018] supply the remark on empirical-histogram stability, from their § 1.","automated full-text keyword overlap between the citing sentence and the PDF text layer","NO","2026-08-06"
"CTX-GREEN-TECHNICAL-1984-08-RELIABILITY","green_technical_1984","book/chapters/08-reliability.qmd",467,"12","technical, steps, 1984, form, large, reliability","$\rho_\Theta$ in @eq-functionals adapts the unit-variance expression of Green et al. [-@green_technical_1984] as given by Andersson and Xin [-@andersson_large_2018, eq. 13] following Cheng et al. [-@cheng_comparison_2012]. The outer inequality of @thm-jensen-sandwich is Theorem 1 of the reliability-targeting package's theory vignette, restated; the inner placement and the proof as organized here are derived, and neither is claimed as novel — both steps are Jensen's inequality. @prp-mean-weight is derived here and corresponds to equations (C.23)–(C.24) of the Appendix C draft, which gives the inequality but not, in its earlier form, the working-approximation qualification; that qualification is logged as `C-006`.","automated full-text keyword overlap between the citing sentence and the PDF text layer","NO","2026-08-06"
"CTX-GREVE-SPYING-2022-15-DIRICHLET-PROCESS","greve_spying_2022","book/chapters/15-dirichlet-process.qmd",305,"1","2022, illustrate, major, challenge, reve, empirical, flexible, finite","This is not this book's discovery and should not be presented as one. It is a known problem with a literature. Greve et al. [-@greve_spying_2022] identify precisely this as ""a major empirical challenge"" — characterizing the prior a flexible cluster-count specification induces on the partition — and provide tools for inspecting it. Giordano et al. [-@giordano_evaluating_2022] make the complementary point that because these models are so flexible ""the consequences of prior choices can be opaque,"" while prior choice ""can have a substantial effect on posterior inferences,"" and give a method for quantifying sensitivity to the stick-breaking prior specifically. @fig-k-alpha is computed exactly from @eq-antoniak-pmf on the log scale. @fig-stick-crp's right panel is simulated from @eq-stick with a fixed seed; the medians and exceedance probabilities quoted in @sec-ch15-unintended are from that simulation and are Monte Carlo estimates, not exact values. @fig-dp-draws is simulated from @eq-stick and @eq-dpm with a fixed seed and finite truncation, added in this edition (`code/R/23-figures-v2-theory.R`); it illustrates the objects and asserts nothing. The generated values are frozen in `tables/F-stick-crp-summary.rds` with a CSV mirror in `tables/supplement/`. The phenomenon they illustrate is Greve et al.'s [-@greve_spying_2022] and Giordano et al.'s [-@giordano_evaluating_2022], and is presented as theirs.","automated full-text keyword overlap between the citing sentence and the PDF text layer","NO","2026-08-06"
"CTX-GUTTMAN-BASIS-1945-08-RELIABILITY","guttman_basis_1945","book/chapters/08-reliability.qmd",59,"20","inter, because, total, about, scores, variance, bound, covariances","with $V_i$ the item variances and $V_t$ the total-score variance, is a lower bound on $\rho_{XX'}$ under any model — a result van der Ark [-@ark_standard_2025, p. 1679] attributes to Lord and Novick (1968, Theorem 4.4.3). Guttman's $\lambda_2$ [@guttman_basis_1945, § 13] is a sharper lower bound using the squared inter-item covariances, and Guttman's $\lambda_3$ is $\alpha$ [@ark_standard_2025, p. 1686, § 3.7]. Three things follow that are worth saying flatly, because each is regularly got wrong: $\alpha$ is a bound and not an estimate; it is a statement about the sum score and not about a latent variable; and it is not a measure of unidimensionality [@sijtsma_use_2009]. @eq-alpha is Cronbach's own equation (2) [-@cronbach_coefficient_1951, p. 299], read at that page: the symbols $n$, $V_i$ and $V_t$ and the statement that $V_t$ is the variance of test scores and $V_i$ the variance of item scores are his. The lower-bound status and the $\lambda_3 = \alpha$ identity are van der Ark [-@ark_standard_2025, pp. 1679 and 1686 § 3.7]; $\lambda_2$ is Guttman [-@guttman_basis_1945, § 13].","automated full-text keyword overlap between the citing sentence and the PDF text layer","NO","2026-08-06"
"CTX-HU-NONPARAMETRIC-2020-16-DPM-PRIORS","hu_nonparametric_2020","book/chapters/16-dpm-priors.qmd",34,"2","2016, still, whose, 2020, nonparametric, model","Two works named in this book's plan carry no claim here: Karabatsos (2016), whose identity in the manuscript's reference list is still unconfirmed and which is not held, and Hu et al. [-@hu_nonparametric_2020], which is held in this book's libraries but has not been read at a locator for this chapter. They are named so that a reader who knows them can see they are undigested rather than dismissed. Karabatsos (2016) is not held and its identity remains unconfirmed; Hu et al. [-@hu_nonparametric_2020] is held but unread at a locator for this chapter. Nothing here depends on either. The truncation-guard count in @sec-ch16-model is the companion simulation's frozen diagnostic, quoted as published [@lee_simulation_2026].","automated full-text keyword overlap between the citing sentence and the PDF text layer","NO","2026-08-06"
"CTX-HUSSEY-ABERRANT-2025-08-RELIABILITY","hussey_aberrant_2025","book/chapters/08-reliability.qmd",408,"1","hussey, 2025, justifiable, alpha, published, threshold, rather, rule","The thresholds $0.70$, $0.80$ and $0.90$ have no derivation. They are conventions, and their provenance is thinner than their authority. Nunnally's textbook is the usual citation and is regularly cited for a threshold he stated with qualifications about research stage that the citing literature drops; Sijtsma [-@sijtsma_use_2009] makes the point at length, and Cronbach's own retrospective on $\alpha$ [-@cronbach_my_2004] never names a numerical threshold at all — his argument is that $\alpha$ should give way to a generalizability analysis, not that it should clear a bar. Hussey et al. [-@hussey_aberrant_2025] supply the empirical signature of a convention operating as a gate rather than a description: across more than 67,000 published $\alpha$ values, an excess at the $.70$ rule-of-thumb threshold that justifiable measurement practice does not explain.","automated full-text keyword overlap between the citing sentence and the PDF text layer","NO","2026-08-06"
"CTX-ISHWARAN-MARKOV-2000-15-DIRICHLET-PROCESS","ishwaran_markov_2000","book/chapters/15-dirichlet-process.qmd",243,"7","work, conjugate, directly, details, components, finite, sample, approximation","**Marginal (collapsed) samplers** integrate $G$ out and work with the Pólya urn predictive rule of @thm-crp, updating cluster memberships one at a time. Neal [-@neal_markov_2000] is the standard catalogue, including the algorithms that handle non-conjugate kernels. **Blocked samplers** truncate @eq-stick at a finite number of components and sample the weights and locations directly; Ishwaran and Zarepour [-@ishwaran_markov_2000] study the approximation error this truncation incurs. Computation follows Neal [-@neal_markov_2000] and Ishwaran and Zarepour [-@ishwaran_markov_2000] at the level of what each family of algorithm does; no algorithm is reproduced here and none of the book's claims depends on the details.","automated full-text keyword overlap between the citing sentence and the PDF text layer","NO","2026-08-06"
"CTX-ISHWARAN-MARKOV-2000-16-DPM-PRIORS","ishwaran_markov_2000","book/chapters/16-dpm-priors.qmd",72,"1","ishwaran, 2000, blocked, convergence, components, finite, approximation, truncation","Equivalently, in the CRP representation of @thm-crp, each person carries a cluster label $z_p$ with $\mathbf{z} \sim \mathrm{CRP}(\alpha, P)$ and $\theta_p \mid z_p \sim N(\tilde\mu_{z_p}, \tilde\sigma^2_{z_p})$. This is what the package actually samples, and @thm-crp is the guarantee that it is the same model as @eq-dpm-irt rather than an approximation to it. The finite truncation at $M$ components in a blocked sampler *is* an approximation, and Ishwaran and Zarepour [-@ishwaran_markov_2000] study what it costs. In the companion simulation's production run the cost was monitored rather than assumed: a guard on the truncation bound fired in five of 4,800 DP fits, and none of the run's convergence exceptions traced to it [@lee_simulation_2026] — evidence about this design's operating range, not a general license.","automated full-text keyword overlap between the citing sentence and the PDF text layer","NO","2026-08-06"
"CTX-JAMES-ESTIMATION-1992-12-EMPIRICAL-BAYES-TRADITION","james_estimation_1992","book/chapters/12-empirical-bayes-tradition.qmd",23,"2","origin, taken, work, explicit, proved, inadmissible, estimation, admissibility","Stein [-@stein_inadmissibility_1956] proved the inadmissibility; James and Stein [-@james_estimation_1992, § 2] gave the explicit estimator. With $X \sim N(\xi, \mathbf{I}_p)$, @eq-james-stein, the risk expression, the value $2$ at the origin, the limit $p$, the admissibility of the obvious estimator for $p \le 2$, and the remark that @eq-james-stein is itself inadmissible were all read in James and Stein [-@james_estimation_1992, § 2]. Per DECISIONS (a4) the work is cited as the 1961 original and locators are taken from the held 1992 reprint pagination. The priority for inadmissibility is Stein [-@stein_inadmissibility_1956], which James and Stein credit as their reference [14] and which is held; @sec-ch12-stein attributes it accordingly.","automated full-text keyword overlap between the citing sentence and the PDF text layer","NO","2026-08-06"
"CTX-KAPPUS-NONPARAMETRIC-2020-14-FLEXIBLE-ALTERNATIVES","kappus_nonparametric_2020","book/chapters/14-flexible-alternatives.qmd",124,"31","latent, including, mixture, 2016, 2007, 2008, 2018, ayesian","The most permissive option treats the problem as one of inverse estimation. Kappus et al. [-@kappus_nonparametric_2020] consider the mixed-effect Rasch model with persons drawn from a large population and estimate the ability density under nonparametric constraints, posing it explicitly as a **statistical linear inverse problem**. This is the same structure as the deconvolution of @sec-ch12-deconvolution: the observable is the latent variable convolved with response noise, and recovering the latent density means deconvolving. Mislevy [-@mislevy_estimating_1984] for direct estimation of population parameters from responses with standard errors and fit tests; Woods and Thissen [-@woods_item_2006] for splines and the 2PL improvement; Woods [-@woods_ramsay-curve_2006; -@woods_ramsay_2007; -@woods_ramsay-curve_2008] for Ramsay curves, including model selection as part of the method; Woods and Lin [-@woods_item_2009] for Davidian curves and the three-way comparison against Ramsay curves and the empirical histogram; Monroe and Cai [-@monroe_estimation_2014] for the missing covariance matrix under EM; Bolt et al. [-@bolt_mixture_2001] and Gnaldi et al. [-@gnaldi_multilevel_2016] for mixtures over people; Bambirra Gonçalves et al. [-@bambirra_goncalves_bayesian_2018] and Cheng and Meng [-@cheng_estimating_2025] for mixtures on the ability distribution; Kappus et al. [-@kappus_nonparametric_2020] for the inverse-problem framing; Zhang et al. [-@zhang_bayesian_2021] for the Bayesian Davidian sampler; Finch and Edwards [-@finch_rasch_2016] for the corrective evaluation. Li and Cai [-@li_summed_2018] supply the remark on empirical-histogram stability, from their § 1.","automated full-text keyword overlap between the citing sentence and the PDF text layer","NO","2026-08-06"
"CTX-LEE-DESIGN-CONDITIONAL-2026-F-SOFTWARE","lee_design-conditional_2026","book/appendices/F-software.qmd",43,"local package/repository source named in the cited book passage","local package/repository source named in the cited book passage","**`DPprior`** (version 1.1.0) is a separate package, not vendored, that performs the $\alpha$-elicitation of @sec-ch15 — choosing a Gamma hyperprior for the concentration parameter from a belief about the number of clusters, with the dual-anchor extension that constrains the induced weight behaviour at the same time [@lee_dpprior_2026; @lee_design-conditional_2026]. One implementation bound belongs on the record because the case-study volume met it in production: the package's Antoniak tabulation currently stops at $J = 500$ persons, so every elicitation in that volume ran at $n \le 500$ (@sec-ch29).","automated full-text keyword overlap between the citing sentence and the PDF text layer","NO","2026-08-06"
"CTX-LEE-DESIGN-CONDITIONAL-2026-15-DIRICHLET-PROCESS","lee_design-conditional_2026","book/chapters/15-dirichlet-process.qmd",281,"local package/repository source named in the cited book passage","local package/repository source named in the cited book passage","The sources differ in both target and method. Paganin et al. examine the induced mean and variance of $K_N$ and use different Gamma priors in their simulation and real-data analyses; they do not advocate one universal reproducibility prior. Antonelli et al. [-@antonelli_mitigating_2016] compare moment matching, diffuse Gamma, Kullback--Leibler, fixed-$\alpha$, empirical-Bayes and importance-sampling strategies. Lee et al. [-@lee_improving_2025] elicit an entire distribution for $K$ through a chi-square construction and fit a Gamma hyperprior by Dorazio's KL method, rather than matching only $\operatorname{E}[K_J]$. Murugiah and Sweeting [-@murugiah_selecting_2012] develop a selection framework both with and without subjective information and provide defaults. Dorazio [-@dorazio_selecting_2009] and Rodríguez [-@rodriguez_jeffreys_2013] supply induced-cluster and objective routes; Rodríguez's Ewens Jeffreys prior is proper but has **no finite moments**. Vicentini and Jermyn [-@vicentini_prior_2025] pose the current question: specify $p(\alpha\mid\eta)$ through quantities for which “meaningful” prior information can actually be expressed. The design-conditional framework of this research programme is one answer to that question posed as a procedure: state a belief about the number of occupied clusters at the design's own $J$, convert it into a Gamma hyperprior on $\alpha$ by two-stage moment matching, and — the step the next subsection motivates — anchor the induced weight behaviour at the same time [@lee_design-conditional_2026]. The `DPprior` package implements the framework, and it is the machinery behind the companion simulation's ""focused"" and ""broad"" elicitation arms [@lee_dpprior_2026]. The natural repair, once the phenomenon is named, is to elicit *both* quantities at once — and that is exactly what the dual-anchor protocol of the design-conditional framework does. One anchor pins the expected cluster count; the second pins the prior probability that the largest weight exceeds a stated threshold, the very quantity @fig-stick-crp computes and the analyst never meant to assert; the Gamma hyperprior is then chosen to respect both, with the trade between them made explicit when they conflict [@lee_design-conditional_2026]. The implementation exposes the induced quantity directly — the package function that returns $\Pr(p_{(1)} > t)$ exists precisely so the silent assertion of @sec-ch15-unintended can be read before it is made [@lee_dpprior_2026]. The paper is held here only at abstract-and-framework level, so this chapter uses it for the protocol's stated design and does not import its simulation findings. The seven source-specific elicitation contributions are read at the level of each work's stated aim and summary of the problem; the rows are explicitly nonexclusive. Rodríguez's [-@rodriguez_jeffreys_2013] result that the Ewens Jeffreys prior is proper with no finite moments is from his abstract and is quoted because it is the kind of property that is easy to adopt a prior without knowing. The seventh row and the dual-anchor paragraph cite this programme's design-conditional elicitation paper at the level of its abstract and stated framework [-@lee_design-conditional_2026] and its implementation [-@lee_dpprior_2026], read from the package source and documentation. No substantive simulation finding from the held paper is used as evidence in this chapter.","automated full-text keyword overlap between the citing sentence and the PDF text layer","NO","2026-08-06"
"CTX-LI-SUMMED-2018-13-NON-NORMALITY","li_summed_2018","book/chapters/13-non-normality.qmd",123,"2","symptoms, disorders, positively, skewed, subpopulations, combined, suspect, selection","Li and Cai [-@li_summed_2018] use the summed score to test latent-distribution fit, and @prp-sumscore is not an objection to their work. The difference is what the observed score distribution is compared *against*. Reading a score histogram and judging whether it looks normal compares it against a normal shape, which @prp-sumscore shows is the wrong comparison. Li and Cai compare the observed summed-score distribution against the **model-implied** one — @eq-sumscore evaluated under the fitted model — so the conditional binomial noise, the item parameters and the boundedness are all already inside the reference. Their statistics are, in their words, focused: powerful against latent distributional violations and correctly insensitive to multidimensionality, and they report that the limited-information index $M_2$ has considerably lower power against latent non-normality than the summed-score indices do. **Testing distributional fit directly.** Li and Cai's [-@li_summed_2018] summed-score likelihood indices, with their Satorra–Bentler moment adjustment, are the current form of this. They test the latent distribution specifically rather than overall model fit, which is what makes them evidence about $G$ rather than about the model as a whole. **Substantive argument.** The strongest reasons to expect non-normality are not statistical at all, and Li and Cai [-@li_summed_2018, § 1] set out two, following Woods (2006). Severe symptoms of psychological disorders are rare in the general population and most people sit at low levels, so a symptom trait should be **positively skewed** — the skew is a fact about prevalence, not about measurement. And when a sample combines two or more subpopulations with different means, calibrating items against the combined population makes normality suspect and **multimodality** likely. To these the design literature adds floor and ceiling effects and explicit selection, both of which truncate rather than deform. Li and Cai [-@li_summed_2018] are read for their procedure, their focused-power result, the $M_2$ comparison, and their § 1 summary of Woods's (2006) substantive arguments; Woods (2006) is held but was not read for this chapter and is cited through Li and Cai under R5.","automated full-text keyword overlap between the citing sentence and the PDF text layer","NO","2026-08-06"
"CTX-LI-SUMMED-2018-14-FLEXIBLE-ALTERNATIVES","li_summed_2018","book/chapters/14-flexible-alternatives.qmd",31,"2","experience, numerically, selection, method, less, stable, estimating, curves","Its most-used form is the **empirical histogram**: $G$ is left free at the quadrature points and estimated as a discrete distribution over them. It can represent any shape the grid can resolve and it needs no functional form at all. What it costs is stability — Li and Cai [-@li_summed_2018] report from their own experience that the empirical histogram ""is often less stable numerically than the standard normal prior,"" which is a mild way of saying that a free parameter at every quadrature point is a great many parameters. Mislevy [-@mislevy_estimating_1984] for direct estimation of population parameters from responses with standard errors and fit tests; Woods and Thissen [-@woods_item_2006] for splines and the 2PL improvement; Woods [-@woods_ramsay-curve_2006; -@woods_ramsay_2007; -@woods_ramsay-curve_2008] for Ramsay curves, including model selection as part of the method; Woods and Lin [-@woods_item_2009] for Davidian curves and the three-way comparison against Ramsay curves and the empirical histogram; Monroe and Cai [-@monroe_estimation_2014] for the missing covariance matrix under EM; Bolt et al. [-@bolt_mixture_2001] and Gnaldi et al. [-@gnaldi_multilevel_2016] for mixtures over people; Bambirra Gonçalves et al. [-@bambirra_goncalves_bayesian_2018] and Cheng and Meng [-@cheng_estimating_2025] for mixtures on the ability distribution; Kappus et al. [-@kappus_nonparametric_2020] for the inverse-problem framing; Zhang et al. [-@zhang_bayesian_2021] for the Bayesian Davidian sampler; Finch and Edwards [-@finch_rasch_2016] for the corrective evaluation. Li and Cai [-@li_summed_2018] supply the remark on empirical-histogram stability, from their § 1.","automated full-text keyword overlap between the citing sentence and the PDF text layer","NO","2026-08-06"
"CTX-LO-CLASS-1984-15-DIRICHLET-PROCESS","lo_class_1984","book/chapters/15-dirichlet-process.qmd",199,"2","iven, normalized, random, 1984, kernel, finite, irichlet, sample","Lo [-@lo_class_1984] supplies the step that makes the DP usable. Given a positive normalized kernel $K(x,u)$ and a finite measure $\alpha$, he constructs a random density by **convolving the kernel with a Dirichlet random probability**: @eq-dpm is Lo [-@lo_class_1984, § 2], read directly, including the no-sample Bayes estimator $\int K(x,u)\,G_0(du)$ from which the ""centred on the parametric model"" observation follows.","automated full-text keyword overlap between the citing sentence and the PDF text layer","NO","2026-08-06"
"CTX-LORD-UNBIASED-1983-06-PERSON-PARAMETER-ESTIMATION","lord_unbiased_1983","book/chapters/06-person-parameter-estimation.qmd",61,"1","1983, closely, methods, prior, general, solve, three, bias","Lord [-@lord_unbiased_1983] gives the asymptotic bias of the ML ability estimate, of order $I^{-1}$: The unification of @sec-ch06-family is Warm's [-@warm_weighted_1989], and this chapter follows his development closely because it is clearer than the usual three-methods presentation: his equations (3) through (5) give the family, (6) is Lord's [-@lord_unbiased_1983] bias expression, (7) is Lord's (1984) result for the Bayesian modal estimator under a standard normal prior, (8) is the conjecture that the bias of the general member picks up one extra term, and (9) and (10) solve for the weight and state the estimating equation. @thm-warm is his Theorem, proved in his appendix; the remark on generality is Hinkley's, reported there.","automated full-text keyword overlap between the citing sentence and the PDF text layer","NO","2026-08-06"
"CTX-MICCERI-UNICORN-1989-13-NON-NORMALITY","micceri_unicorn_1989","book/chapters/13-non-normality.qmd",20,"1","1989, severe, significantly, classes, preferences, evidence, multimodalities, modes","Micceri [-@micceri_unicorn_1989] surveyed 440 large-sample achievement and psychometric measures and found **all of them** significantly non-normal at $\alpha = .01$. He catalogued several classes of departure: tail weights ranging from uniform to double exponential, exponential-level asymmetry, severe digit preferences, multimodalities, and modes lying outside the interval between the mean and the median. Micceri [-@micceri_unicorn_1989] is read directly: the count of 440 measures, the $\alpha = .01$ result, the catalogue of contamination classes, and his own description of the measures as discrete and bounded are all from his abstract and introduction. The reading of his paper as evidence about *observed* rather than latent distributions is a statement about what the paper says, not a criticism of it; the misreading belongs to the citing literature.","automated full-text keyword overlap between the citing sentence and the PDF text layer","NO","2026-08-06"
"CTX-MILLER-MIXTURE-2018-14-FLEXIBLE-ALTERNATIVES","miller_mixture_2018","book/chapters/14-flexible-alternatives.qmd",118,"15","population, need, different, concentration, mixtures, process, component, over","One response is the Dirichlet process mixture of @sec-ch15: the analyst specifies a concentration parameter governing how readily new occupied clusters appear, and obtains a posterior over the **sample partition count**. That quantity is not a population component order. A different response is a mixture-of-finite-mixtures prior, which places a prior and posterior directly on a finite population component count [@miller_mixture_2018]. The two models answer different complexity questions; neither removes the need to state the prior.","automated full-text keyword overlap between the citing sentence and the PDF text layer","NO","2026-08-06"
"CTX-MILLER-MIXTURE-2018-15-DIRICHLET-PROCESS","miller_mixture_2018","book/chapters/15-dirichlet-process.qmd",332,"2","name, iller, directly, choice, finite, prior, components, mixture","Miller and Harrison [-@miller_mixture_2018] name the alternative: put a prior directly on the number of components in a finite mixture, which makes the cluster-count prior explicit rather than induced. @sec-ch14 is where that comparison belongs, and nothing in this chapter argues that the DP is the only defensible choice.","automated full-text keyword overlap between the citing sentence and the PDF text layer","NO","2026-08-06"
"CTX-MISLEVY-ESTIMATING-1984-14-FLEXIBLE-ALTERNATIVES","mislevy_estimating_1984","book/chapters/14-flexible-alternatives.qmd",21,"1","islevy, 1984, asymptotic, including, without, tests, estimating, parameter","The first move is the oldest. Mislevy [-@mislevy_estimating_1984] gives maximum likelihood equations for the population parameters of $g(\theta \mid \alpha)$ estimated ""directly from the observed responses; i.e., without estimating an ability parameter for each subject,"" together with asymptotic standard errors and tests of fit. This is the marginal machinery of @sec-ch05-mml turned on $G$ itself rather than only on $\boldsymbol\beta$, and it is the point at which $G$ becomes an object of estimation. Mislevy [-@mislevy_estimating_1984] for direct estimation of population parameters from responses with standard errors and fit tests; Woods and Thissen [-@woods_item_2006] for splines and the 2PL improvement; Woods [-@woods_ramsay-curve_2006; -@woods_ramsay_2007; -@woods_ramsay-curve_2008] for Ramsay curves, including model selection as part of the method; Woods and Lin [-@woods_item_2009] for Davidian curves and the three-way comparison against Ramsay curves and the empirical histogram; Monroe and Cai [-@monroe_estimation_2014] for the missing covariance matrix under EM; Bolt et al. [-@bolt_mixture_2001] and Gnaldi et al. [-@gnaldi_multilevel_2016] for mixtures over people; Bambirra Gonçalves et al. [-@bambirra_goncalves_bayesian_2018] and Cheng and Meng [-@cheng_estimating_2025] for mixtures on the ability distribution; Kappus et al. [-@kappus_nonparametric_2020] for the inverse-problem framing; Zhang et al. [-@zhang_bayesian_2021] for the Bayesian Davidian sampler; Finch and Edwards [-@finch_rasch_2016] for the corrective evaluation. Li and Cai [-@li_summed_2018] supply the remark on empirical-histogram stability, from their § 1.","automated full-text keyword overlap between the citing sentence and the PDF text layer","NO","2026-08-06"
"CTX-MISLEVY-ESTIMATING-1992-08-RELIABILITY","mislevy_estimating_1992","book/chapters/08-reliability.qmd",451,"16","secondary, estimating, posterior, both, form, design, variance, measurement","@eq-ctt and @eq-rho-ctt, the five equivalences, the over- and under-dispersion identities @eq-overdisp and @eq-underdisp, the two reliability forms @eq-rel-subtract and @eq-rel-add, and the measurement-design-effect framing are Adams [-@adams_reliability_2005], who attributes the person-separation form to Wright and Stone (1979) and the posterior-variance identity to Verhelst (2001) and to Mislevy et al. [-@mislevy_estimating_1992]; neither Wright and Stone (1979) nor Verhelst (2001) is held, and both are cited as secondary through Adams under R5.","automated full-text keyword overlap between the citing sentence and the PDF text layer","NO","2026-08-06"
"CTX-MIYAZAKI-BAYESIAN-2009-16-DPM-PRIORS","miyazaki_bayesian_2009","book/chapters/16-dpm-priors.qmd",23,"2","computational, uncan, achern, different, limited, 2008, paper, 2009","Duncan and MacEachern [-@duncan_nonparametric_2008] give the nonparametric-Bayes treatment of the ability distribution in the item-response setting. Miyazaki and Hoshino [-@miyazaki_bayesian_2009] attack a different target with the same tool: their concern is that logistic and normal-ogive item characteristic curves admit ""only limited patterns of shapes,"" so the model may not fit, and their semiparametric construction relaxes the *item* side rather than the person side. San Martín et al. [-@sanmartin_bayesian_2011] are the identification paper and are the source @sec-ch16-identification rests on. Paganin et al. [-@paganin_computational_2022] are the computational and practical reference. The companion package draws on that parameterization, but its current defaults must be read from package source rather than attributed wholesale to the paper.","automated full-text keyword overlap between the citing sentence and the PDF text layer","NO","2026-08-06"
"CTX-MONROE-ESTIMATION-2014-14-FLEXIBLE-ALTERNATIVES","monroe_estimation_2014","book/chapters/14-flexible-alternatives.qmd",56,"27","ability, inference, islevy, 1984, population, avidian, 2007, hissen","The first is that they are **maximum-likelihood** procedures, so they produce a point estimate of $G$ and not a posterior over it. That is not a defect; it is a different object, and @sec-ch14-posterior says when the difference bites. Monroe and Cai [-@monroe_estimation_2014] point out a concrete consequence: the original EM implementation of RC-IRT ""does not produce the parameter covariance matrix as an automatic byproduct on convergence,"" which limits the inference procedures available, and their paper exists to supply it. Mislevy [-@mislevy_estimating_1984] for direct estimation of population parameters from responses with standard errors and fit tests; Woods and Thissen [-@woods_item_2006] for splines and the 2PL improvement; Woods [-@woods_ramsay-curve_2006; -@woods_ramsay_2007; -@woods_ramsay-curve_2008] for Ramsay curves, including model selection as part of the method; Woods and Lin [-@woods_item_2009] for Davidian curves and the three-way comparison against Ramsay curves and the empirical histogram; Monroe and Cai [-@monroe_estimation_2014] for the missing covariance matrix under EM; Bolt et al. [-@bolt_mixture_2001] and Gnaldi et al. [-@gnaldi_multilevel_2016] for mixtures over people; Bambirra Gonçalves et al. [-@bambirra_goncalves_bayesian_2018] and Cheng and Meng [-@cheng_estimating_2025] for mixtures on the ability distribution; Kappus et al. [-@kappus_nonparametric_2020] for the inverse-problem framing; Zhang et al. [-@zhang_bayesian_2021] for the Bayesian Davidian sampler; Finch and Edwards [-@finch_rasch_2016] for the corrective evaluation. Li and Cai [-@li_summed_2018] supply the remark on empirical-histogram stability, from their § 1.","automated full-text keyword overlap between the citing sentence and the PDF text layer","NO","2026-08-06"
"CTX-MURUGIAH-SELECTING-2012-15-DIRICHLET-PROCESS","murugiah_selecting_2012","book/chapters/15-dirichlet-process.qmd",270,"4","ullback, eibler, elicit, meaningful, behind, quantities, procedure, next","The sources differ in both target and method. Paganin et al. examine the induced mean and variance of $K_N$ and use different Gamma priors in their simulation and real-data analyses; they do not advocate one universal reproducibility prior. Antonelli et al. [-@antonelli_mitigating_2016] compare moment matching, diffuse Gamma, Kullback--Leibler, fixed-$\alpha$, empirical-Bayes and importance-sampling strategies. Lee et al. [-@lee_improving_2025] elicit an entire distribution for $K$ through a chi-square construction and fit a Gamma hyperprior by Dorazio's KL method, rather than matching only $\operatorname{E}[K_J]$. Murugiah and Sweeting [-@murugiah_selecting_2012] develop a selection framework both with and without subjective information and provide defaults. Dorazio [-@dorazio_selecting_2009] and Rodríguez [-@rodriguez_jeffreys_2013] supply induced-cluster and objective routes; Rodríguez's Ewens Jeffreys prior is proper but has **no finite moments**. Vicentini and Jermyn [-@vicentini_prior_2025] pose the current question: specify $p(\alpha\mid\eta)$ through quantities for which “meaningful” prior information can actually be expressed. The design-conditional framework of this research programme is one answer to that question posed as a procedure: state a belief about the number of occupied clusters at the design's own $J$, convert it into a Gamma hyperprior on $\alpha$ by two-stage moment matching, and — the step the next subsection motivates — anchor the induced weight behaviour at the same time [@lee_design-conditional_2026]. The `DPprior` package implements the framework, and it is the machinery behind the companion simulation's ""focused"" and ""broad"" elicitation arms [@lee_dpprior_2026].","automated full-text keyword overlap between the citing sentence and the PDF text layer","NO","2026-08-06"
"CTX-NEAL-MARKOV-2000-15-DIRICHLET-PROCESS","neal_markov_2000","book/chapters/15-dirichlet-process.qmd",240,"3","error, work, approximation, depends, algorithms, components, conjugate, sample","**Marginal (collapsed) samplers** integrate $G$ out and work with the Pólya urn predictive rule of @thm-crp, updating cluster memberships one at a time. Neal [-@neal_markov_2000] is the standard catalogue, including the algorithms that handle non-conjugate kernels. **Blocked samplers** truncate @eq-stick at a finite number of components and sample the weights and locations directly; Ishwaran and Zarepour [-@ishwaran_markov_2000] study the approximation error this truncation incurs. Computation follows Neal [-@neal_markov_2000] and Ishwaran and Zarepour [-@ishwaran_markov_2000] at the level of what each family of algorithm does; no algorithm is reproduced here and none of the book's claims depends on the details.","automated full-text keyword overlap between the citing sentence and the PDF text layer","NO","2026-08-06"
"CTX-NELSON-REVIEW-2023-01-THE-ESTIMATION-PROBLEM","nelson_review_2023","book/chapters/01-the-estimation-problem.qmd",190,"40","esponse, meta, distribution, assessment, analysis, standardized, measurement, curriculum","The curriculum-based measurement context comes from Conoyer et al. [-@conoyer_meta-analysis_2022] and Nelson et al. [-@nelson_review_2023], and the disaggregated-reliability evidence from Rutkowski and Rutkowski [-@rutkowski_measuring_2013] and Abedi [-@abedi_standardized_2002]. The corpus figures are the Item Response Warehouse reliability study's [-@lee_reliability-distribution_2026], read from its manuscript; @sec-ch28 gives that study's design and the assertions under which its per-unit frame is used here. The numbers quoted in @sec-ch01-reliability were visually reconstructed from the assessment-level rows of Conoyer's Table 1, and the quantiles use R's type-7 convention. A non-load-bearing claim attributed in the manuscript to an unresolved Ramsay (2016) reference has been omitted rather than carried with an unverifiable citation.","automated full-text keyword overlap between the citing sentence and the PDF text layer","NO","2026-08-06"
"CTX-PATZ-STRAIGHTFORWARD-1999-10-BAYESIAN-HIERARCHICAL-RASCH","patz_straightforward_1999","book/chapters/10-bayesian-hierarchical-rasch.qmd",253,"1","stage, treat, 1999, vice, versa, parametric, allows, implemented","**Uncertainty propagates coherently from items to persons.** This is the argument @sec-ch06-plugin set up and `C-012` recorded. Two-stage practice calibrates items, fixes them at their estimates, and scores persons as though the item parameters were known; @eq-sem is then a conditional standard error reported as though it were unconditional. Patz and Junker [-@patz_straightforward_1999] state the alternative exactly: MCMC ""treat[s] item and subject parameters at the same time,"" which ""allows us to incorporate standard errors of item estimates into trait inferences, and vice versa."" That is the plug-in gap closed by construction rather than by an extra term, and it is the cleanest argument in the list. Albert [-@albert_bayesian_1992] introduced data augmentation for the normal-ogive model: latent continuous responses are imputed, conditional on which the item parameters have conjugate normal full conditionals, so the whole sampler is Gibbs. It is elegant and it is tied to the probit link. Patz and Junker [-@patz_straightforward_1999] gave the general-purpose alternative — Metropolis-within-Gibbs, which does not require conjugacy and therefore extends to models that have no augmentation trick, which is most of them. Hamiltonian Monte Carlo as implemented in Stan is the modern default for the parametric model [@burkner_bayesian_2021]. The semiparametric models of Part V are fitted in NIMBLE, which is what makes the Dirichlet process machinery available at all. The uncertainty-propagation argument quotes Patz and Junker [-@patz_straightforward_1999]; the small-sample arguments are Gilholm et al. [-@gilholm_bayesian_2021] and Fox [-@fox_redefining_2025], read at the level of their stated aims rather than their derivations, which is all the claim here requires. Albert [-@albert_bayesian_1992] is cited for data augmentation under the normal ogive and Bürkner [-@burkner_bayesian_2021] for the Stan route.","automated full-text keyword overlap between the citing sentence and the PDF text layer","NO","2026-08-06"
"CTX-ROBBINS-EMPIRICAL-1992-12-EMPIRICAL-BAYES-TRADITION","robbins_empirical_1992","book/chapters/12-empirical-bayes-tradition.qmd",72,"7","compound, symptotically, subminimax, solutions, problems, reference, empirical, statistical","Robbins's [-@robbins_empirical_1992] empirical Bayes supplies the frame in which @eq-james-stein stops being a paradox. Suppose each $\Theta_p$ is drawn from an unknown prior $G$ and produces an observation through a known mechanism. Then the Bayes rule against $G$ is optimal, and although $G$ is unknown, the $P$ observations are themselves a sample that carries information about it. Robbins's construction replaces $G$ by an empirical version built from the other observations and shows that the resulting rule approaches the Bayes risk as $P$ grows. The compound-decision framing is Robbins's too, but it is **not** in the held document, and the distinction is worth keeping. What @sec-ch12-compound argues from — an unknown prior $G$, observations that carry information about it, an empirical replacement whose risk approaches the Bayes risk — is the construction the held reprint [-@robbins_empirical_1992] states directly. The phrase *compound decision problem* comes from a different Robbins paper, ""Asymptotically subminimax solutions of compound statistical decision problems,"" which the reprint cites as its reference [4] and which is not held. The section title therefore names the situation; the citation carries only the empirical Bayes argument, which is what the reprint supports.","automated full-text keyword overlap between the citing sentence and the PDF text layer","NO","2026-08-06"
"CTX-RODRIGUEZ-JEFFREYS-2013-15-DIRICHLET-PROCESS","rodriguez_jeffreys_2013","book/chapters/15-dirichlet-process.qmd",272,"1","2012, without, subjective, elicitation, abstract, proper, finite, moments","The sources differ in both target and method. Paganin et al. examine the induced mean and variance of $K_N$ and use different Gamma priors in their simulation and real-data analyses; they do not advocate one universal reproducibility prior. Antonelli et al. [-@antonelli_mitigating_2016] compare moment matching, diffuse Gamma, Kullback--Leibler, fixed-$\alpha$, empirical-Bayes and importance-sampling strategies. Lee et al. [-@lee_improving_2025] elicit an entire distribution for $K$ through a chi-square construction and fit a Gamma hyperprior by Dorazio's KL method, rather than matching only $\operatorname{E}[K_J]$. Murugiah and Sweeting [-@murugiah_selecting_2012] develop a selection framework both with and without subjective information and provide defaults. Dorazio [-@dorazio_selecting_2009] and Rodríguez [-@rodriguez_jeffreys_2013] supply induced-cluster and objective routes; Rodríguez's Ewens Jeffreys prior is proper but has **no finite moments**. Vicentini and Jermyn [-@vicentini_prior_2025] pose the current question: specify $p(\alpha\mid\eta)$ through quantities for which “meaningful” prior information can actually be expressed. The design-conditional framework of this research programme is one answer to that question posed as a procedure: state a belief about the number of occupied clusters at the design's own $J$, convert it into a Gamma hyperprior on $\alpha$ by two-stage moment matching, and — the step the next subsection motivates — anchor the induced weight behaviour at the same time [@lee_design-conditional_2026]. The `DPprior` package implements the framework, and it is the machinery behind the companion simulation's ""focused"" and ""broad"" elicitation arms [@lee_dpprior_2026]. The seven source-specific elicitation contributions are read at the level of each work's stated aim and summary of the problem; the rows are explicitly nonexclusive. Rodríguez's [-@rodriguez_jeffreys_2013] result that the Ewens Jeffreys prior is proper with no finite moments is from his abstract and is quoted because it is the kind of property that is easy to adopt a prior without knowing. The seventh row and the dual-anchor paragraph cite this programme's design-conditional elicitation paper at the level of its abstract and stated framework [-@lee_design-conditional_2026] and its implementation [-@lee_dpprior_2026], read from the package source and documentation. No substantive simulation finding from the held paper is used as evidence in this chapter.","automated full-text keyword overlap between the citing sentence and the PDF text layer","NO","2026-08-06"
"CTX-RUBIN-ESTIMATION-1981-12-EMPIRICAL-BAYES-TRADITION","rubin_estimation_1981","book/chapters/12-empirical-bayes-tradition.qmd",91,"2","commonly, attract, three, sampling, real, attention, estimation, parallel","Rubin [-@rubin_estimation_1981] gives the framing that transfers most directly. Eight schools ran parallel randomized coaching experiments; the estimated effects varied; some of the variation is sampling noise and some is real. He notes that the largest observed effect ""will commonly attract the most attention,"" and that the interesting question is how much of it to believe. Replace schools by persons and coaching effects by abilities and the sentence is about the top of a class ranking. His three tools — sensitivity displays, simulation of the posterior of the largest effect, and posterior predictive checks of the model — are all applicable here and none is standard in IRT practice. Rubin [-@rubin_estimation_1981] is read at the level of his stated aims and the eight-schools setup, which is all the transfer argument uses.","automated full-text keyword overlap between the citing sentence and the PDF text layer","NO","2026-08-06"
"CTX-RUTKOWSKI-MEASURING-2013-01-THE-ESTIMATION-PROBLEM","rutkowski_measuring_2013","book/chapters/01-the-estimation-problem.qmd",115,"3","against, curriculum, meta, measuring, design, social, been, 2002","**Large-scale assessment, disaggregated.** Overall reliabilities in large surveys are high, but subgroup reliabilities are not. Rutkowski and Rutkowski [-@rutkowski_measuring_2013] report values as low as .41 for PISA socioeconomic subscales in some groups, and Abedi [-@abedi_standardized_2002, Table 9] reports Grade 9 Stanford 9 subscale reliabilities of .80 to .92 for English-only students against .53 to .83 for English language learners — a gap that widens with the language load of the subject, from reading comprehension (.92 against .83) to social science (.81 against .53). The curriculum-based measurement context comes from Conoyer et al. [-@conoyer_meta-analysis_2022] and Nelson et al. [-@nelson_review_2023], and the disaggregated-reliability evidence from Rutkowski and Rutkowski [-@rutkowski_measuring_2013] and Abedi [-@abedi_standardized_2002]. The corpus figures are the Item Response Warehouse reliability study's [-@lee_reliability-distribution_2026], read from its manuscript; @sec-ch28 gives that study's design and the assertions under which its per-unit frame is used here. The numbers quoted in @sec-ch01-reliability were visually reconstructed from the assessment-level rows of Conoyer's Table 1, and the quantiles use R's type-7 convention. A non-load-bearing claim attributed in the manuscript to an unresolved Ramsay (2016) reference has been omitted rather than carried with an unverifiable citation.","automated full-text keyword overlap between the citing sentence and the PDF text layer","NO","2026-08-06"
"CTX-SIJTSMA-USE-2009-08-RELIABILITY","sijtsma_use_2009","book/chapters/08-reliability.qmd",64,"8","things, regularly, model, heorem, latent, inter, unnally, clear","with $V_i$ the item variances and $V_t$ the total-score variance, is a lower bound on $\rho_{XX'}$ under any model — a result van der Ark [-@ark_standard_2025, p. 1679] attributes to Lord and Novick (1968, Theorem 4.4.3). Guttman's $\lambda_2$ [@guttman_basis_1945, § 13] is a sharper lower bound using the squared inter-item covariances, and Guttman's $\lambda_3$ is $\alpha$ [@ark_standard_2025, p. 1686, § 3.7]. Three things follow that are worth saying flatly, because each is regularly got wrong: $\alpha$ is a bound and not an estimate; it is a statement about the sum score and not about a latent variable; and it is not a measure of unidimensionality [@sijtsma_use_2009]. The thresholds $0.70$, $0.80$ and $0.90$ have no derivation. They are conventions, and their provenance is thinner than their authority. Nunnally's textbook is the usual citation and is regularly cited for a threshold he stated with qualifications about research stage that the citing literature drops; Sijtsma [-@sijtsma_use_2009] makes the point at length, and Cronbach's own retrospective on $\alpha$ [-@cronbach_my_2004] never names a numerical threshold at all — his argument is that $\alpha$ should give way to a generalizability analysis, not that it should clear a bar. Hussey et al. [-@hussey_aberrant_2025] supply the empirical signature of a convention operating as a gate rather than a description: across more than 67,000 published $\alpha$ values, an excess at the $.70$ rule-of-thumb threshold that justifiable measurement practice does not explain.","automated full-text keyword overlap between the citing sentence and the PDF text layer","NO","2026-08-06"
"CTX-STEIN-INADMISSIBILITY-1956-12-EMPIRICAL-BAYES-TRADITION","stein_inadmissibility_1956","book/chapters/12-empirical-bayes-tradition.qmd",22,"1","obvious, proved, inadmissible, origin, admissibility, value, estimator","Stein [-@stein_inadmissibility_1956] proved the inadmissibility; James and Stein [-@james_estimation_1992, § 2] gave the explicit estimator. With $X \sim N(\xi, \mathbf{I}_p)$, @eq-james-stein, the risk expression, the value $2$ at the origin, the limit $p$, the admissibility of the obvious estimator for $p \le 2$, and the remark that @eq-james-stein is itself inadmissible were all read in James and Stein [-@james_estimation_1992, § 2]. Per DECISIONS (a4) the work is cited as the 1961 original and locators are taken from the held 1992 reprint pagination. The priority for inadmissibility is Stein [-@stein_inadmissibility_1956], which James and Stein credit as their reference [14] and which is held; @sec-ch12-stein attributes it accordingly.","automated full-text keyword overlap between the citing sentence and the PDF text layer","NO","2026-08-06"
"CTX-VICENTINI-PRIOR-2025-15-DIRICHLET-PROCESS","vicentini_prior_2025","book/chapters/15-dirichlet-process.qmd",274,"1","empirical, 2025, icentini, ermyn, vicentini, specify, meaningful, ayes","The sources differ in both target and method. Paganin et al. examine the induced mean and variance of $K_N$ and use different Gamma priors in their simulation and real-data analyses; they do not advocate one universal reproducibility prior. Antonelli et al. [-@antonelli_mitigating_2016] compare moment matching, diffuse Gamma, Kullback--Leibler, fixed-$\alpha$, empirical-Bayes and importance-sampling strategies. Lee et al. [-@lee_improving_2025] elicit an entire distribution for $K$ through a chi-square construction and fit a Gamma hyperprior by Dorazio's KL method, rather than matching only $\operatorname{E}[K_J]$. Murugiah and Sweeting [-@murugiah_selecting_2012] develop a selection framework both with and without subjective information and provide defaults. Dorazio [-@dorazio_selecting_2009] and Rodríguez [-@rodriguez_jeffreys_2013] supply induced-cluster and objective routes; Rodríguez's Ewens Jeffreys prior is proper but has **no finite moments**. Vicentini and Jermyn [-@vicentini_prior_2025] pose the current question: specify $p(\alpha\mid\eta)$ through quantities for which “meaningful” prior information can actually be expressed. The design-conditional framework of this research programme is one answer to that question posed as a procedure: state a belief about the number of occupied clusters at the design's own $J$, convert it into a Gamma hyperprior on $\alpha$ by two-stage moment matching, and — the step the next subsection motivates — anchor the induced weight behaviour at the same time [@lee_design-conditional_2026]. The `DPprior` package implements the framework, and it is the machinery behind the companion simulation's ""focused"" and ""broad"" elicitation arms [@lee_dpprior_2026].","automated full-text keyword overlap between the citing sentence and the PDF text layer","NO","2026-08-06"
"CTX-WOODS-ITEM-2006-14-FLEXIBLE-ALTERNATIVES","woods_item_2006","book/chapters/14-flexible-alternatives.qmd",41,"20","inverse, tests, evaluation, family, ability, nonparametric, improve, responses","Woods and Thissen [-@woods_item_2006] estimate the latent density with **splines**, simultaneously with the item parameters, and report that when the latent distribution is poorly approximated as normal the 2PL item parameter estimates improve. **Ramsay-curve IRT** [@woods_ramsay-curve_2006] does the same with Ramsay's density family, and Woods extends it to Likert-type data [-@woods_ramsay_2007] and to the 3PL [-@woods_ramsay-curve_2008]. Woods and Lin [-@woods_item_2009] introduce **Davidian-curve IRT**, in which the latent density is a Davidian curve fitted simultaneously with logistic item response functions, and compare it directly against Ramsay curves and the empirical histogram under normal, bimodal and skewed generating distributions. Mislevy [-@mislevy_estimating_1984] for direct estimation of population parameters from responses with standard errors and fit tests; Woods and Thissen [-@woods_item_2006] for splines and the 2PL improvement; Woods [-@woods_ramsay-curve_2006; -@woods_ramsay_2007; -@woods_ramsay-curve_2008] for Ramsay curves, including model selection as part of the method; Woods and Lin [-@woods_item_2009] for Davidian curves and the three-way comparison against Ramsay curves and the empirical histogram; Monroe and Cai [-@monroe_estimation_2014] for the missing covariance matrix under EM; Bolt et al. [-@bolt_mixture_2001] and Gnaldi et al. [-@gnaldi_multilevel_2016] for mixtures over people; Bambirra Gonçalves et al. [-@bambirra_goncalves_bayesian_2018] and Cheng and Meng [-@cheng_estimating_2025] for mixtures on the ability distribution; Kappus et al. [-@kappus_nonparametric_2020] for the inverse-problem framing; Zhang et al. [-@zhang_bayesian_2021] for the Bayesian Davidian sampler; Finch and Edwards [-@finch_rasch_2016] for the corrective evaluation. Li and Cai [-@li_summed_2018] supply the remark on empirical-histogram stability, from their § 1.","automated full-text keyword overlap between the citing sentence and the PDF text layer","NO","2026-08-06"
"CTX-WOODS-ITEM-2009-14-FLEXIBLE-ALTERNATIVES","woods_item_2009","book/chapters/14-flexible-alternatives.qmd",46,"6","ayesian, type, people, stability, improve, fitted, splines, compare","Woods and Thissen [-@woods_item_2006] estimate the latent density with **splines**, simultaneously with the item parameters, and report that when the latent distribution is poorly approximated as normal the 2PL item parameter estimates improve. **Ramsay-curve IRT** [@woods_ramsay-curve_2006] does the same with Ramsay's density family, and Woods extends it to Likert-type data [-@woods_ramsay_2007] and to the 3PL [-@woods_ramsay-curve_2008]. Woods and Lin [-@woods_item_2009] introduce **Davidian-curve IRT**, in which the latent density is a Davidian curve fitted simultaneously with logistic item response functions, and compare it directly against Ramsay curves and the empirical histogram under normal, bimodal and skewed generating distributions. Mislevy [-@mislevy_estimating_1984] for direct estimation of population parameters from responses with standard errors and fit tests; Woods and Thissen [-@woods_item_2006] for splines and the 2PL improvement; Woods [-@woods_ramsay-curve_2006; -@woods_ramsay_2007; -@woods_ramsay-curve_2008] for Ramsay curves, including model selection as part of the method; Woods and Lin [-@woods_item_2009] for Davidian curves and the three-way comparison against Ramsay curves and the empirical histogram; Monroe and Cai [-@monroe_estimation_2014] for the missing covariance matrix under EM; Bolt et al. [-@bolt_mixture_2001] and Gnaldi et al. [-@gnaldi_multilevel_2016] for mixtures over people; Bambirra Gonçalves et al. [-@bambirra_goncalves_bayesian_2018] and Cheng and Meng [-@cheng_estimating_2025] for mixtures on the ability distribution; Kappus et al. [-@kappus_nonparametric_2020] for the inverse-problem framing; Zhang et al. [-@zhang_bayesian_2021] for the Bayesian Davidian sampler; Finch and Edwards [-@finch_rasch_2016] for the corrective evaluation. Li and Cai [-@li_summed_2018] supply the remark on empirical-histogram stability, from their § 1.","automated full-text keyword overlap between the citing sentence and the PDF text layer","NO","2026-08-06"
"CTX-WOODS-RAMSAY-2007-14-FLEXIBLE-ALTERNATIVES","woods_ramsay_2007","book/chapters/14-flexible-alternatives.qmd",45,"17","splines, logistic, functions, 1984, part, 2001, ability, evaluation","Woods and Thissen [-@woods_item_2006] estimate the latent density with **splines**, simultaneously with the item parameters, and report that when the latent distribution is poorly approximated as normal the 2PL item parameter estimates improve. **Ramsay-curve IRT** [@woods_ramsay-curve_2006] does the same with Ramsay's density family, and Woods extends it to Likert-type data [-@woods_ramsay_2007] and to the 3PL [-@woods_ramsay-curve_2008]. Woods and Lin [-@woods_item_2009] introduce **Davidian-curve IRT**, in which the latent density is a Davidian curve fitted simultaneously with logistic item response functions, and compare it directly against Ramsay curves and the empirical histogram under normal, bimodal and skewed generating distributions. Mislevy [-@mislevy_estimating_1984] for direct estimation of population parameters from responses with standard errors and fit tests; Woods and Thissen [-@woods_item_2006] for splines and the 2PL improvement; Woods [-@woods_ramsay-curve_2006; -@woods_ramsay_2007; -@woods_ramsay-curve_2008] for Ramsay curves, including model selection as part of the method; Woods and Lin [-@woods_item_2009] for Davidian curves and the three-way comparison against Ramsay curves and the empirical histogram; Monroe and Cai [-@monroe_estimation_2014] for the missing covariance matrix under EM; Bolt et al. [-@bolt_mixture_2001] and Gnaldi et al. [-@gnaldi_multilevel_2016] for mixtures over people; Bambirra Gonçalves et al. [-@bambirra_goncalves_bayesian_2018] and Cheng and Meng [-@cheng_estimating_2025] for mixtures on the ability distribution; Kappus et al. [-@kappus_nonparametric_2020] for the inverse-problem framing; Zhang et al. [-@zhang_bayesian_2021] for the Bayesian Davidian sampler; Finch and Edwards [-@finch_rasch_2016] for the corrective evaluation. Li and Cai [-@li_summed_2018] supply the remark on empirical-histogram stability, from their § 1.","automated full-text keyword overlap between the citing sentence and the PDF text layer","NO","2026-08-06"
"CTX-WOODS-RAMSAY-CURVE-2006-14-FLEXIBLE-ALTERNATIVES","woods_ramsay-curve_2006","book/chapters/14-flexible-alternatives.qmd",44,"2","family, histogram, estimating, summed, simultaneously, introduce, empirical, flexibility","Woods and Thissen [-@woods_item_2006] estimate the latent density with **splines**, simultaneously with the item parameters, and report that when the latent distribution is poorly approximated as normal the 2PL item parameter estimates improve. **Ramsay-curve IRT** [@woods_ramsay-curve_2006] does the same with Ramsay's density family, and Woods extends it to Likert-type data [-@woods_ramsay_2007] and to the 3PL [-@woods_ramsay-curve_2008]. Woods and Lin [-@woods_item_2009] introduce **Davidian-curve IRT**, in which the latent density is a Davidian curve fitted simultaneously with logistic item response functions, and compare it directly against Ramsay curves and the empirical histogram under normal, bimodal and skewed generating distributions. The second is that each of them has a tuning decision. Splines need knots and a degree; Ramsay curves need a degree and knot count chosen by model selection — Woods [-@woods_ramsay-curve_2006] treats model selection as part of the method and evaluates new approaches to it; Davidian curves need a polynomial degree. The flexibility is real and it is *purchased with a choice the data must also be used to make*. Mislevy [-@mislevy_estimating_1984] for direct estimation of population parameters from responses with standard errors and fit tests; Woods and Thissen [-@woods_item_2006] for splines and the 2PL improvement; Woods [-@woods_ramsay-curve_2006; -@woods_ramsay_2007; -@woods_ramsay-curve_2008] for Ramsay curves, including model selection as part of the method; Woods and Lin [-@woods_item_2009] for Davidian curves and the three-way comparison against Ramsay curves and the empirical histogram; Monroe and Cai [-@monroe_estimation_2014] for the missing covariance matrix under EM; Bolt et al. [-@bolt_mixture_2001] and Gnaldi et al. [-@gnaldi_multilevel_2016] for mixtures over people; Bambirra Gonçalves et al. [-@bambirra_goncalves_bayesian_2018] and Cheng and Meng [-@cheng_estimating_2025] for mixtures on the ability distribution; Kappus et al. [-@kappus_nonparametric_2020] for the inverse-problem framing; Zhang et al. [-@zhang_bayesian_2021] for the Bayesian Davidian sampler; Finch and Edwards [-@finch_rasch_2016] for the corrective evaluation. Li and Cai [-@li_summed_2018] supply the remark on empirical-histogram stability, from their § 1.","automated full-text keyword overlap between the citing sentence and the PDF text layer","NO","2026-08-06"
"CTX-WOODS-RAMSAY-CURVE-2008-14-FLEXIBLE-ALTERNATIVES","woods_ramsay-curve_2008","book/chapters/14-flexible-alternatives.qmd",46,"18","ikert, type, evaluation, estimating, 2001, ability, splines, logistic","Woods and Thissen [-@woods_item_2006] estimate the latent density with **splines**, simultaneously with the item parameters, and report that when the latent distribution is poorly approximated as normal the 2PL item parameter estimates improve. **Ramsay-curve IRT** [@woods_ramsay-curve_2006] does the same with Ramsay's density family, and Woods extends it to Likert-type data [-@woods_ramsay_2007] and to the 3PL [-@woods_ramsay-curve_2008]. Woods and Lin [-@woods_item_2009] introduce **Davidian-curve IRT**, in which the latent density is a Davidian curve fitted simultaneously with logistic item response functions, and compare it directly against Ramsay curves and the empirical histogram under normal, bimodal and skewed generating distributions. Mislevy [-@mislevy_estimating_1984] for direct estimation of population parameters from responses with standard errors and fit tests; Woods and Thissen [-@woods_item_2006] for splines and the 2PL improvement; Woods [-@woods_ramsay-curve_2006; -@woods_ramsay_2007; -@woods_ramsay-curve_2008] for Ramsay curves, including model selection as part of the method; Woods and Lin [-@woods_item_2009] for Davidian curves and the three-way comparison against Ramsay curves and the empirical histogram; Monroe and Cai [-@monroe_estimation_2014] for the missing covariance matrix under EM; Bolt et al. [-@bolt_mixture_2001] and Gnaldi et al. [-@gnaldi_multilevel_2016] for mixtures over people; Bambirra Gonçalves et al. [-@bambirra_goncalves_bayesian_2018] and Cheng and Meng [-@cheng_estimating_2025] for mixtures on the ability distribution; Kappus et al. [-@kappus_nonparametric_2020] for the inverse-problem framing; Zhang et al. [-@zhang_bayesian_2021] for the Bayesian Davidian sampler; Finch and Edwards [-@finch_rasch_2016] for the corrective evaluation. Li and Cai [-@li_summed_2018] supply the remark on empirical-histogram stability, from their § 1.","automated full-text keyword overlap between the citing sentence and the PDF text layer","NO","2026-08-06"
"CTX-ZHANG-BAYESIAN-2021-14-FLEXIBLE-ALTERNATIVES","zhang_bayesian_2021","book/chapters/14-flexible-alternatives.qmd",138,"18","nonparametric, ordinal, 2018, 2008, comparison, multilevel, ability, flexible","Zhang et al. [-@zhang_bayesian_2021] give an MCMC method for ordinal items with flexible latent trait distributions, using a **Davidian curve** to approximate $G$ within a Bayesian sampler — the same density family as Woods and Lin, fitted so as to produce a posterior rather than a maximum. Bambirra Gonçalves et al. [-@bambirra_goncalves_bayesian_2018] do the corresponding thing for mixtures. Mislevy [-@mislevy_estimating_1984] for direct estimation of population parameters from responses with standard errors and fit tests; Woods and Thissen [-@woods_item_2006] for splines and the 2PL improvement; Woods [-@woods_ramsay-curve_2006; -@woods_ramsay_2007; -@woods_ramsay-curve_2008] for Ramsay curves, including model selection as part of the method; Woods and Lin [-@woods_item_2009] for Davidian curves and the three-way comparison against Ramsay curves and the empirical histogram; Monroe and Cai [-@monroe_estimation_2014] for the missing covariance matrix under EM; Bolt et al. [-@bolt_mixture_2001] and Gnaldi et al. [-@gnaldi_multilevel_2016] for mixtures over people; Bambirra Gonçalves et al. [-@bambirra_goncalves_bayesian_2018] and Cheng and Meng [-@cheng_estimating_2025] for mixtures on the ability distribution; Kappus et al. [-@kappus_nonparametric_2020] for the inverse-problem framing; Zhang et al. [-@zhang_bayesian_2021] for the Bayesian Davidian sampler; Finch and Edwards [-@finch_rasch_2016] for the corrective evaluation. Li and Cai [-@li_summed_2018] supply the remark on empirical-histogram stability, from their § 1.","automated full-text keyword overlap between the citing sentence and the PDF text layer","NO","2026-08-06"
"CTX-ZHANG-REALISTIC-2025-09-DESIGNING-FOR-RELIABILITY","zhang_realistic_2025","book/chapters/09-designing-for-reliability.qmd",68,"11","tighter, cluster, three, average, rather, symmetric, near, zero","**The spread of item difficulties.** A tighter difficulty distribution concentrates information where most people are, and buys reliability for free. The three curves in @fig-rel-items differ only in $\operatorname{SD}(\beta)$, and at every target the tighter distribution needs fewer items. The effect is real and modest: widening from $\operatorname{SD}(\beta) = 1$ to $1.5$ costs roughly a tenth more items across the range. This is the classical observation that reliability rises as item-difficulty variance falls [@zhang_realistic_2025, § 1, citing Gulliksen (1945) and Lord (1952)], and it is the lever @sec-ch09-difficulty is about. **Targeting is randomized, not fixed.** Because $\boldsymbol\beta$ is redrawn each replication, the reported $I$ is an average over targeting conditions rather than the length of any particular test. This is a deliberate and defensible choice — it integrates out an incidental design feature rather than fixing it arbitrarily, which is the same argument Zhang et al. [-@zhang_realistic_2025, § 1] give for sampling difficulties in the first place. It does mean the column answers ""how long on average"", not ""how long"". The reference exists and is recent. Zhang et al. [-@zhang_realistic_2025] fit the Rasch model to 73 datasets from the Item Response Warehouse [@domingue_introduction_2025] — filtered from 504 by excluding duplicated respondent–item pairs, non-binary items, matrices more than half missing, and five datasets with near-zero latent variance — and characterize the difficulty distributions directly. What matters for the comparison is that they rescale: difficulties are divided by the standard deviation of the latent trait estimates and centred, so their summaries are on exactly the metric that $\beta \sim N(0,1)$ with $\theta \sim N(0,1)$ assumes. 1. **Spread.** Most datasets have difficulty standard deviations at the low end of the observed range; real difficulties cluster more tightly than $N(0,1)$, and much more tightly than the $U(-2,2)$ that is the other common choice [@zhang_realistic_2025, § 3.1]. Their summary is given as a figure rather than a table, so no point estimate is quoted here. 2. **Skewness.** Centred near zero with both signs present — approximately symmetric, and the assumption of symmetry survives. 3. **Kurtosis.** Below the normal value of 3 in most datasets, averaging **2.48**: real difficulty distributions are flatter with lighter tails than a normal. Zhang et al. also propose a method for generating realistic difficulties: resample an empirical dataset, then treat each estimated difficulty as the mean of a normal with standard deviation equal to its own standard error, producing a mixture that carries both the empirical shape and the estimation uncertainty [@zhang_realistic_2025, § 4]. That is the natural sensitivity analysis to run, and it is a design change rather than a theoretical one, so it belongs to the companion book. The empirical characterization of item-difficulty distributions is Zhang et al. [-@zhang_realistic_2025], read directly: the 73-dataset corpus and its filtering in § 3, the rescaling to the latent-trait metric in § 3.0.1, and the spread, skewness and kurtosis findings in § 3.0.2 and § 3.1. The average kurtosis of 2.48 is theirs; the spread finding is reported qualitatively because their own summary is a figure. Gulliksen (1945) and Lord (1952) on the difficulty-variance-and-reliability relationship are cited through Zhang et al. under R5; neither is held.","automated full-text keyword overlap between the citing sentence and the PDF text layer","NO","2026-08-06"
